Generator,Type,Time,Value
WICHITAFALLS,Coal,1,806.0000000000002
WICHITAFALLS,Coal,2,806.0
WICHITAFALLS,Coal,3,806.0
WICHITAFALLS,Coal,4,806.0000000000002
WICHITAFALLS,Coal,5,806.0000000000002
WICHITAFALLS,Coal,6,806.0000000000002
WICHITAFALLS,Coal,7,806.0
WICHITAFALLS,Coal,8,806.0000000000002
WICHITAFALLS,Coal,9,806.0000000000002
WICHITAFALLS,Coal,10,806.0
WICHITAFALLS,Coal,11,806.0000000000002
WICHITAFALLS,Coal,12,806.0000000000002
WICHITAFALLS,Coal,13,806.0
WICHITAFALLS,Coal,14,806.0
WICHITAFALLS,Coal,15,806.0000000000002
WICHITAFALLS,Coal,16,806.0000000000002
WICHITAFALLS,Coal,17,806.0
WICHITAFALLS,Coal,18,806.0000000000002
WICHITAFALLS,Coal,19,806.0
WICHITAFALLS,Coal,20,806.0000000000002
WICHITAFALLS,Coal,21,806.0
WICHITAFALLS,Coal,22,806.0000000000002
WICHITAFALLS,Coal,23,806.0
WICHITAFALLS,Coal,24,806.0000000000002
ROCKDALE,Coal,1,0.0
ROCKDALE,Coal,2,0.0
ROCKDALE,Coal,3,0.0
ROCKDALE,Coal,4,0.0
ROCKDALE,Coal,5,0.0
ROCKDALE,Coal,6,0.0
ROCKDALE,Coal,7,0.0
ROCKDALE,Coal,8,0.0
ROCKDALE,Coal,9,0.0
ROCKDALE,Coal,10,0.0
ROCKDALE,Coal,11,0.0
ROCKDALE,Coal,12,0.0
ROCKDALE,Coal,13,0.0
ROCKDALE,Coal,14,0.0
ROCKDALE,Coal,15,0.0
ROCKDALE,Coal,16,0.0
ROCKDALE,Coal,17,0.0
ROCKDALE,Coal,18,0.0
ROCKDALE,Coal,19,0.0
ROCKDALE,Coal,20,0.0
ROCKDALE,Coal,21,0.0
ROCKDALE,Coal,22,0.0
ROCKDALE,Coal,23,0.0
ROCKDALE,Coal,24,0.0
CHRISTINE,Coal,1,410.0
CHRISTINE,Coal,2,410.0
CHRISTINE,Coal,3,410.0
CHRISTINE,Coal,4,410.0000000000001
CHRISTINE,Coal,5,410.0
CHRISTINE,Coal,6,410.0
CHRISTINE,Coal,7,410.0
CHRISTINE,Coal,8,410.0
CHRISTINE,Coal,9,410.0000000000001
CHRISTINE,Coal,10,410.0
CHRISTINE,Coal,11,410.0
CHRISTINE,Coal,12,410.0
CHRISTINE,Coal,13,410.0000000000001
CHRISTINE,Coal,14,410.0
CHRISTINE,Coal,15,410.0
CHRISTINE,Coal,16,410.0
CHRISTINE,Coal,17,410.0000000000001
CHRISTINE,Coal,18,410.0
CHRISTINE,Coal,19,410.0
CHRISTINE,Coal,20,410.0000000000001
CHRISTINE,Coal,21,410.0
CHRISTINE,Coal,22,410.0000000000001
CHRISTINE,Coal,23,410.0
CHRISTINE,Coal,24,410.0000000000001
FANNIN,Coal,1,0.0
FANNIN,Coal,2,0.0
FANNIN,Coal,3,0.0
FANNIN,Coal,4,0.0
FANNIN,Coal,5,0.0
FANNIN,Coal,6,0.0
FANNIN,Coal,7,0.0
FANNIN,Coal,8,0.0
FANNIN,Coal,9,0.0
FANNIN,Coal,10,0.0
FANNIN,Coal,11,0.0
FANNIN,Coal,12,0.0
FANNIN,Coal,13,0.0
FANNIN,Coal,14,0.0
FANNIN,Coal,15,0.0
FANNIN,Coal,16,0.0
FANNIN,Coal,17,0.0
FANNIN,Coal,18,0.0
FANNIN,Coal,19,0.0
FANNIN,Coal,20,0.0
FANNIN,Coal,21,0.0
FANNIN,Coal,22,0.0
FANNIN,Coal,23,0.0
FANNIN,Coal,24,0.0
SANTAROSA,Coal,1,200.5
SANTAROSA,Coal,2,200.50000000000006
SANTAROSA,Coal,3,200.5
SANTAROSA,Coal,4,200.50000000000006
SANTAROSA,Coal,5,200.5
SANTAROSA,Coal,6,200.50000000000006
SANTAROSA,Coal,7,200.5
SANTAROSA,Coal,8,200.50000000000006
SANTAROSA,Coal,9,200.5
SANTAROSA,Coal,10,200.50000000000006
SANTAROSA,Coal,11,200.5
SANTAROSA,Coal,12,200.50000000000006
SANTAROSA,Coal,13,200.5
SANTAROSA,Coal,14,200.50000000000006
SANTAROSA,Coal,15,200.5
SANTAROSA,Coal,16,200.5
SANTAROSA,Coal,17,200.50000000000006
SANTAROSA,Coal,18,200.5
SANTAROSA,Coal,19,200.5
SANTAROSA,Coal,20,200.50000000000006
SANTAROSA,Coal,21,200.5
SANTAROSA,Coal,22,200.50000000000006
SANTAROSA,Coal,23,200.5
SANTAROSA,Coal,24,200.50000000000006
MOUNTPLEASANT,Coal,1,0.0
MOUNTPLEASANT,Coal,2,0.0
MOUNTPLEASANT,Coal,3,0.0
MOUNTPLEASANT,Coal,4,0.0
MOUNTPLEASANT,Coal,5,0.0
MOUNTPLEASANT,Coal,6,0.0
MOUNTPLEASANT,Coal,7,0.0
MOUNTPLEASANT,Coal,8,0.0
MOUNTPLEASANT,Coal,9,0.0
MOUNTPLEASANT,Coal,10,0.0
MOUNTPLEASANT,Coal,11,0.0
MOUNTPLEASANT,Coal,12,0.0
MOUNTPLEASANT,Coal,13,0.0
MOUNTPLEASANT,Coal,14,0.0
MOUNTPLEASANT,Coal,15,0.0
MOUNTPLEASANT,Coal,16,0.0
MOUNTPLEASANT,Coal,17,0.0
MOUNTPLEASANT,Coal,18,0.0
MOUNTPLEASANT,Coal,19,0.0
MOUNTPLEASANT,Coal,20,0.0
MOUNTPLEASANT,Coal,21,0.0
MOUNTPLEASANT,Coal,22,0.0
MOUNTPLEASANT,Coal,23,0.0
MOUNTPLEASANT,Coal,24,0.0
IRVING,Coal,1,16.500000000000004
IRVING,Coal,2,16.5
IRVING,Coal,3,16.5
IRVING,Coal,4,16.500000000000004
IRVING,Coal,5,16.5
IRVING,Coal,6,16.500000000000004
IRVING,Coal,7,16.5
IRVING,Coal,8,16.500000000000004
IRVING,Coal,9,16.5
IRVING,Coal,10,16.500000000000004
IRVING,Coal,11,16.5
IRVING,Coal,12,16.500000000000004
IRVING,Coal,13,16.5
IRVING,Coal,14,16.500000000000004
IRVING,Coal,15,16.5
IRVING,Coal,16,16.500000000000004
IRVING,Coal,17,16.5
IRVING,Coal,18,16.500000000000004
IRVING,Coal,19,16.5
IRVING,Coal,20,16.500000000000004
IRVING,Coal,21,16.5
IRVING,Coal,22,16.500000000000004
IRVING,Coal,23,16.5
IRVING,Coal,24,16.500000000000004
RIESEL,Coal,1,0.0
RIESEL,Coal,2,0.0
RIESEL,Coal,3,0.0
RIESEL,Coal,4,0.0
RIESEL,Coal,5,0.0
RIESEL,Coal,6,0.0
RIESEL,Coal,7,0.0
RIESEL,Coal,8,0.0
RIESEL,Coal,9,0.0
RIESEL,Coal,10,0.0
RIESEL,Coal,11,0.0
RIESEL,Coal,12,0.0
RIESEL,Coal,13,0.0
RIESEL,Coal,14,0.0
RIESEL,Coal,15,0.0
RIESEL,Coal,16,0.0
RIESEL,Coal,17,0.0
RIESEL,Coal,18,0.0
RIESEL,Coal,19,0.0
RIESEL,Coal,20,0.0
RIESEL,Coal,21,0.0
RIESEL,Coal,22,0.0
RIESEL,Coal,23,0.0
RIESEL,Coal,24,0.0
FRANKLIN,Coal,1,0.0
FRANKLIN,Coal,2,0.0
FRANKLIN,Coal,3,0.0
FRANKLIN,Coal,4,0.0
FRANKLIN,Coal,5,0.0
FRANKLIN,Coal,6,0.0
FRANKLIN,Coal,7,0.0
FRANKLIN,Coal,8,0.0
FRANKLIN,Coal,9,0.0
FRANKLIN,Coal,10,0.0
FRANKLIN,Coal,11,0.0
FRANKLIN,Coal,12,0.0
FRANKLIN,Coal,13,0.0
FRANKLIN,Coal,14,0.0
FRANKLIN,Coal,15,0.0
FRANKLIN,Coal,16,0.0
FRANKLIN,Coal,17,0.0
FRANKLIN,Coal,18,0.0
FRANKLIN,Coal,19,0.0
FRANKLIN,Coal,20,0.0
FRANKLIN,Coal,21,0.0
FRANKLIN,Coal,22,0.0
FRANKLIN,Coal,23,0.0
FRANKLIN,Coal,24,0.0
BREMOND,Coal,1,349.2
BREMOND,Coal,2,349.2
BREMOND,Coal,3,349.20000000000005
BREMOND,Coal,4,349.2
BREMOND,Coal,5,349.20000000000005
BREMOND,Coal,6,349.2
BREMOND,Coal,7,349.20000000000005
BREMOND,Coal,8,349.2
BREMOND,Coal,9,349.20000000000005
BREMOND,Coal,10,349.2
BREMOND,Coal,11,349.20000000000005
BREMOND,Coal,12,349.2
BREMOND,Coal,13,349.20000000000005
BREMOND,Coal,14,349.2
BREMOND,Coal,15,349.20000000000005
BREMOND,Coal,16,349.2
BREMOND,Coal,17,349.20000000000005
BREMOND,Coal,18,349.2
BREMOND,Coal,19,349.2
BREMOND,Coal,20,349.20000000000005
BREMOND,Coal,21,349.2
BREMOND,Coal,22,349.20000000000005
BREMOND,Coal,23,349.2
BREMOND,Coal,24,349.20000000000005
LAGRANGE,Coal,1,0.0
LAGRANGE,Coal,2,0.0
LAGRANGE,Coal,3,0.0
LAGRANGE,Coal,4,0.0
LAGRANGE,Coal,5,0.0
LAGRANGE,Coal,6,0.0
LAGRANGE,Coal,7,0.0
LAGRANGE,Coal,8,0.0
LAGRANGE,Coal,9,0.0
LAGRANGE,Coal,10,0.0
LAGRANGE,Coal,11,0.0
LAGRANGE,Coal,12,0.0
LAGRANGE,Coal,13,0.0
LAGRANGE,Coal,14,0.0
LAGRANGE,Coal,15,0.0
LAGRANGE,Coal,16,0.0
LAGRANGE,Coal,17,0.0
LAGRANGE,Coal,18,0.0
LAGRANGE,Coal,19,0.0
LAGRANGE,Coal,20,0.0
LAGRANGE,Coal,21,0.0
LAGRANGE,Coal,22,0.0
LAGRANGE,Coal,23,0.0
LAGRANGE,Coal,24,0.0
JEWETT,Coal,1,0.0
JEWETT,Coal,2,0.0
JEWETT,Coal,3,0.0
JEWETT,Coal,4,0.0
JEWETT,Coal,5,0.0
JEWETT,Coal,6,0.0
JEWETT,Coal,7,0.0
JEWETT,Coal,8,0.0
JEWETT,Coal,9,0.0
JEWETT,Coal,10,0.0
JEWETT,Coal,11,0.0
JEWETT,Coal,12,0.0
JEWETT,Coal,13,0.0
JEWETT,Coal,14,0.0
JEWETT,Coal,15,0.0
JEWETT,Coal,16,0.0
JEWETT,Coal,17,0.0
JEWETT,Coal,18,0.0
JEWETT,Coal,19,0.0
JEWETT,Coal,20,0.0
JEWETT,Coal,21,0.0
JEWETT,Coal,22,0.0
JEWETT,Coal,23,0.0
JEWETT,Coal,24,0.0
JACKSONVILLE,Coal,1,713.4
JACKSONVILLE,Coal,2,713.4
JACKSONVILLE,Coal,3,713.4000000000001
JACKSONVILLE,Coal,4,713.4
JACKSONVILLE,Coal,5,713.4000000000001
JACKSONVILLE,Coal,6,713.4
JACKSONVILLE,Coal,7,713.4000000000001
JACKSONVILLE,Coal,8,713.4
JACKSONVILLE,Coal,9,713.4000000000001
JACKSONVILLE,Coal,10,713.4
JACKSONVILLE,Coal,11,713.4000000000001
JACKSONVILLE,Coal,12,713.4
JACKSONVILLE,Coal,13,713.4
JACKSONVILLE,Coal,14,713.4000000000001
JACKSONVILLE,Coal,15,713.4
JACKSONVILLE,Coal,16,713.4
JACKSONVILLE,Coal,17,713.4000000000001
JACKSONVILLE,Coal,18,713.4
JACKSONVILLE,Coal,19,713.4
JACKSONVILLE,Coal,20,713.4000000000001
JACKSONVILLE,Coal,21,713.4
JACKSONVILLE,Coal,22,713.4000000000001
JACKSONVILLE,Coal,23,713.4
JACKSONVILLE,Coal,24,713.4000000000001
TRINIDAD,Coal,1,243.3
TRINIDAD,Coal,2,243.30000000000007
TRINIDAD,Coal,3,243.3
TRINIDAD,Coal,4,243.30000000000007
TRINIDAD,Coal,5,243.3
TRINIDAD,Coal,6,243.30000000000007
TRINIDAD,Coal,7,243.3
TRINIDAD,Coal,8,243.30000000000007
TRINIDAD,Coal,9,243.3
TRINIDAD,Coal,10,243.30000000000007
TRINIDAD,Coal,11,243.3
TRINIDAD,Coal,12,243.30000000000007
TRINIDAD,Coal,13,243.3
TRINIDAD,Coal,14,243.3
TRINIDAD,Coal,15,243.30000000000007
TRINIDAD,Coal,16,243.3
TRINIDAD,Coal,17,243.30000000000007
TRINIDAD,Coal,18,243.3
TRINIDAD,Coal,19,243.3
TRINIDAD,Coal,20,243.30000000000007
TRINIDAD,Coal,21,243.3
TRINIDAD,Coal,22,243.30000000000007
TRINIDAD,Coal,23,243.3
TRINIDAD,Coal,24,243.30000000000007
ODESSA,Gas,1,0.0
ODESSA,Gas,2,0.0
ODESSA,Gas,3,0.0
ODESSA,Gas,4,0.0
ODESSA,Gas,5,0.0
ODESSA,Gas,6,0.0
ODESSA,Gas,7,0.0
ODESSA,Gas,8,0.0
ODESSA,Gas,9,0.0
ODESSA,Gas,10,0.0
ODESSA,Gas,11,0.0
ODESSA,Gas,12,0.0
ODESSA,Gas,13,0.0
ODESSA,Gas,14,0.0
ODESSA,Gas,15,0.0
ODESSA,Gas,16,0.0
ODESSA,Gas,17,0.0
ODESSA,Gas,18,0.0
ODESSA,Gas,19,0.0
ODESSA,Gas,20,0.0
ODESSA,Gas,21,0.0
ODESSA,Gas,22,0.0
ODESSA,Gas,23,0.0
ODESSA,Gas,24,0.0
SILVER,Gas,1,0.0
SILVER,Gas,2,0.0
SILVER,Gas,3,0.0
SILVER,Gas,4,0.0
SILVER,Gas,5,0.0
SILVER,Gas,6,0.0
SILVER,Gas,7,0.0
SILVER,Gas,8,0.0
SILVER,Gas,9,0.0
SILVER,Gas,10,0.0
SILVER,Gas,11,0.0
SILVER,Gas,12,530.599907436394
SILVER,Gas,13,530.599907436394
SILVER,Gas,14,530.599907436394
SILVER,Gas,15,530.599907436394
SILVER,Gas,16,530.599907436394
SILVER,Gas,17,530.599907436394
SILVER,Gas,18,530.599907436394
SILVER,Gas,19,530.599907436394
SILVER,Gas,20,530.599907436394
SILVER,Gas,21,530.599907436394
SILVER,Gas,22,530.599907436394
SILVER,Gas,23,530.599907436394
SILVER,Gas,24,530.599907436394
ALEDO,Gas,1,0.0
ALEDO,Gas,2,0.0
ALEDO,Gas,3,0.0
ALEDO,Gas,4,0.0
ALEDO,Gas,5,0.0
ALEDO,Gas,6,0.0
ALEDO,Gas,7,0.0
ALEDO,Gas,8,0.0
ALEDO,Gas,9,0.0
ALEDO,Gas,10,0.0
ALEDO,Gas,11,0.0
ALEDO,Gas,12,0.0
ALEDO,Gas,13,0.0
ALEDO,Gas,14,0.0
ALEDO,Gas,15,0.0
ALEDO,Gas,16,0.0
ALEDO,Gas,17,0.0
ALEDO,Gas,18,0.0
ALEDO,Gas,19,0.0
ALEDO,Gas,20,0.0
ALEDO,Gas,21,0.0
ALEDO,Gas,22,0.0
ALEDO,Gas,23,0.0
ALEDO,Gas,24,0.0
GRAHAM,Gas,1,0.0
GRAHAM,Gas,2,0.0
GRAHAM,Gas,3,0.0
GRAHAM,Gas,4,0.0
GRAHAM,Gas,5,0.0
GRAHAM,Gas,6,0.0
GRAHAM,Gas,7,0.0
GRAHAM,Gas,8,0.0
GRAHAM,Gas,9,0.0
GRAHAM,Gas,10,0.0
GRAHAM,Gas,11,0.0
GRAHAM,Gas,12,0.0
GRAHAM,Gas,13,0.0
GRAHAM,Gas,14,0.0
GRAHAM,Gas,15,0.0
GRAHAM,Gas,16,0.0
GRAHAM,Gas,17,0.0
GRAHAM,Gas,18,0.0
GRAHAM,Gas,19,0.0
GRAHAM,Gas,20,0.0
GRAHAM,Gas,21,0.0
GRAHAM,Gas,22,0.0
GRAHAM,Gas,23,0.0
GRAHAM,Gas,24,0.0
GRANBURY,Gas,1,0.0
GRANBURY,Gas,2,0.0
GRANBURY,Gas,3,0.0
GRANBURY,Gas,4,0.0
GRANBURY,Gas,5,0.0
GRANBURY,Gas,6,0.0
GRANBURY,Gas,7,0.0
GRANBURY,Gas,8,0.0
GRANBURY,Gas,9,0.0
GRANBURY,Gas,10,0.0
GRANBURY,Gas,11,778.775033732033
GRANBURY,Gas,12,1138.8999074363942
GRANBURY,Gas,13,1138.8999074363942
GRANBURY,Gas,14,1138.8999074363942
GRANBURY,Gas,15,1138.8999074363942
GRANBURY,Gas,16,1138.8999074363942
GRANBURY,Gas,17,1138.8999074363942
GRANBURY,Gas,18,1138.8999074363942
GRANBURY,Gas,19,1138.8999074363942
GRANBURY,Gas,20,1138.8999074363942
GRANBURY,Gas,21,1138.8999074363942
GRANBURY,Gas,22,1138.8999074363942
GRANBURY,Gas,23,1138.8999074363942
GRANBURY,Gas,24,1138.8999074363942
PALOPINTO,Gas,1,0.0
PALOPINTO,Gas,2,0.0
PALOPINTO,Gas,3,0.0
PALOPINTO,Gas,4,0.0
PALOPINTO,Gas,5,0.0
PALOPINTO,Gas,6,0.0
PALOPINTO,Gas,7,0.0
PALOPINTO,Gas,8,0.0
PALOPINTO,Gas,9,587.8259535846173
PALOPINTO,Gas,10,596.499907436394
PALOPINTO,Gas,11,596.499907436394
PALOPINTO,Gas,12,596.499907436394
PALOPINTO,Gas,13,596.499907436394
PALOPINTO,Gas,14,596.499907436394
PALOPINTO,Gas,15,596.499907436394
PALOPINTO,Gas,16,596.499907436394
PALOPINTO,Gas,17,596.499907436394
PALOPINTO,Gas,18,596.499907436394
PALOPINTO,Gas,19,596.499907436394
PALOPINTO,Gas,20,596.499907436394
PALOPINTO,Gas,21,596.499907436394
PALOPINTO,Gas,22,596.499907436394
PALOPINTO,Gas,23,596.499907436394
PALOPINTO,Gas,24,596.499907436394
MONAHANS,Gas,1,0.0
MONAHANS,Gas,2,0.0
MONAHANS,Gas,3,0.0
MONAHANS,Gas,4,0.0
MONAHANS,Gas,5,0.0
MONAHANS,Gas,6,0.0
MONAHANS,Gas,7,0.0
MONAHANS,Gas,8,0.0
MONAHANS,Gas,9,0.0
MONAHANS,Gas,10,0.0
MONAHANS,Gas,11,0.0
MONAHANS,Gas,12,0.0
MONAHANS,Gas,13,0.0
MONAHANS,Gas,14,0.0
MONAHANS,Gas,15,0.0
MONAHANS,Gas,16,0.0
MONAHANS,Gas,17,0.0
MONAHANS,Gas,18,0.0
MONAHANS,Gas,19,0.0
MONAHANS,Gas,20,28.792456447495198
MONAHANS,Gas,21,48.80754433890956
MONAHANS,Gas,22,15.583778314021536
MONAHANS,Gas,23,0.0
MONAHANS,Gas,24,0.0
ODESSA_2,Gas,1,0.0
ODESSA_2,Gas,2,0.0
ODESSA_2,Gas,3,0.0
ODESSA_2,Gas,4,0.0
ODESSA_2,Gas,5,0.0
ODESSA_2,Gas,6,0.0
ODESSA_2,Gas,7,0.0
ODESSA_2,Gas,8,0.0
ODESSA_2,Gas,9,0.0
ODESSA_2,Gas,10,0.0
ODESSA_2,Gas,11,0.0
ODESSA_2,Gas,12,439.0597939338133
ODESSA_2,Gas,13,774.8879084089067
ODESSA_2,Gas,14,880.0192771009608
ODESSA_2,Gas,15,971.415511275266
ODESSA_2,Gas,16,1084.5808141424338
ODESSA_2,Gas,17,1289.0593596650656
ODESSA_2,Gas,18,1479.0854389272436
ODESSA_2,Gas,19,1586.00211132249
ODESSA_2,Gas,20,1623.179907436394
ODESSA_2,Gas,21,1623.179907436394
ODESSA_2,Gas,22,1623.179907436394
ODESSA_2,Gas,23,1610.0929994018743
ODESSA_2,Gas,24,1600.780292761505
SAVOY,Gas,1,0.0
SAVOY,Gas,2,0.0
SAVOY,Gas,3,0.0
SAVOY,Gas,4,0.0
SAVOY,Gas,5,0.0
SAVOY,Gas,6,0.0
SAVOY,Gas,7,0.0
SAVOY,Gas,8,0.0
SAVOY,Gas,9,0.0
SAVOY,Gas,10,0.0
SAVOY,Gas,11,0.0
SAVOY,Gas,12,0.0
SAVOY,Gas,13,0.0
SAVOY,Gas,14,0.0
SAVOY,Gas,15,0.0
SAVOY,Gas,16,0.0
SAVOY,Gas,17,0.0
SAVOY,Gas,18,0.0
SAVOY,Gas,19,0.0
SAVOY,Gas,20,0.0
SAVOY,Gas,21,0.0
SAVOY,Gas,22,0.0
SAVOY,Gas,23,0.0
SAVOY,Gas,24,0.0
SHERMAN,Gas,1,0.0
SHERMAN,Gas,2,0.0
SHERMAN,Gas,3,0.0
SHERMAN,Gas,4,0.0
SHERMAN,Gas,5,0.0
SHERMAN,Gas,6,0.0
SHERMAN,Gas,7,0.0
SHERMAN,Gas,8,0.0
SHERMAN,Gas,9,0.0
SHERMAN,Gas,10,0.0
SHERMAN,Gas,11,0.0
SHERMAN,Gas,12,0.0
SHERMAN,Gas,13,0.0
SHERMAN,Gas,14,0.0
SHERMAN,Gas,15,0.0
SHERMAN,Gas,16,0.0
SHERMAN,Gas,17,0.0
SHERMAN,Gas,18,0.0
SHERMAN,Gas,19,0.0
SHERMAN,Gas,20,0.0
SHERMAN,Gas,21,0.0
SHERMAN,Gas,22,0.0
SHERMAN,Gas,23,0.0
SHERMAN,Gas,24,0.0
PARIS,Gas,1,1351.2199074363944
PARIS,Gas,2,1351.2199074363944
PARIS,Gas,3,1351.2199074363944
PARIS,Gas,4,1351.2199074363944
PARIS,Gas,5,1351.2199074363944
PARIS,Gas,6,1351.2199074363944
PARIS,Gas,7,1351.2199074363944
PARIS,Gas,8,1351.2199074363944
PARIS,Gas,9,1351.2199074363944
PARIS,Gas,10,1351.2199074363944
PARIS,Gas,11,1351.2199074363944
PARIS,Gas,12,1351.2199074363944
PARIS,Gas,13,1351.2199074363944
PARIS,Gas,14,1351.2199074363944
PARIS,Gas,15,1351.2199074363944
PARIS,Gas,16,1351.2199074363944
PARIS,Gas,17,1351.2199074363944
PARIS,Gas,18,1351.2199074363944
PARIS,Gas,19,1351.2199074363944
PARIS,Gas,20,1351.2199074363944
PARIS,Gas,21,1351.2199074363944
PARIS,Gas,22,1351.2199074363944
PARIS,Gas,23,1351.2199074363944
PARIS,Gas,24,1351.2199074363944
DENTON,Gas,1,0.0
DENTON,Gas,2,0.0
DENTON,Gas,3,0.0
DENTON,Gas,4,0.0
DENTON,Gas,5,0.0
DENTON,Gas,6,0.0
DENTON,Gas,7,0.0
DENTON,Gas,8,0.0
DENTON,Gas,9,0.0
DENTON,Gas,10,0.0
DENTON,Gas,11,0.0
DENTON,Gas,12,0.0
DENTON,Gas,13,0.0
DENTON,Gas,14,0.0
DENTON,Gas,15,0.0
DENTON,Gas,16,0.0
DENTON,Gas,17,0.0
DENTON,Gas,18,0.0
DENTON,Gas,19,0.0
DENTON,Gas,20,0.0
DENTON,Gas,21,0.0
DENTON,Gas,22,0.0
DENTON,Gas,23,0.0
DENTON,Gas,24,0.0
POOLVILLE,Gas,1,0.0
POOLVILLE,Gas,2,0.0
POOLVILLE,Gas,3,0.0
POOLVILLE,Gas,4,0.0
POOLVILLE,Gas,5,0.0
POOLVILLE,Gas,6,0.0
POOLVILLE,Gas,7,0.0
POOLVILLE,Gas,8,0.0
POOLVILLE,Gas,9,0.0
POOLVILLE,Gas,10,0.0
POOLVILLE,Gas,11,0.0
POOLVILLE,Gas,12,0.0
POOLVILLE,Gas,13,0.0
POOLVILLE,Gas,14,0.0
POOLVILLE,Gas,15,0.0
POOLVILLE,Gas,16,0.0
POOLVILLE,Gas,17,0.0
POOLVILLE,Gas,18,0.0
POOLVILLE,Gas,19,0.0
POOLVILLE,Gas,20,0.0
POOLVILLE,Gas,21,0.0
POOLVILLE,Gas,22,0.0
POOLVILLE,Gas,23,0.0
POOLVILLE,Gas,24,0.0
BRIDGEPORT,Gas,1,468.41933528497896
BRIDGEPORT,Gas,2,427.94309452635855
BRIDGEPORT,Gas,3,445.49994468297723
BRIDGEPORT,Gas,4,487.6131232114871
BRIDGEPORT,Gas,5,524.2147524312646
BRIDGEPORT,Gas,6,564.3317122014321
BRIDGEPORT,Gas,7,1283.279907436394
BRIDGEPORT,Gas,8,1283.279907436394
BRIDGEPORT,Gas,9,1283.279907436394
BRIDGEPORT,Gas,10,1283.279907436394
BRIDGEPORT,Gas,11,1283.279907436394
BRIDGEPORT,Gas,12,1283.279907436394
BRIDGEPORT,Gas,13,1283.279907436394
BRIDGEPORT,Gas,14,1283.279907436394
BRIDGEPORT,Gas,15,1283.279907436394
BRIDGEPORT,Gas,16,1283.279907436394
BRIDGEPORT,Gas,17,1283.279907436394
BRIDGEPORT,Gas,18,1283.279907436394
BRIDGEPORT,Gas,19,1283.279907436394
BRIDGEPORT,Gas,20,1283.279907436394
BRIDGEPORT,Gas,21,1283.279907436394
BRIDGEPORT,Gas,22,1283.279907436394
BRIDGEPORT,Gas,23,1283.279907436394
BRIDGEPORT,Gas,24,1283.279907436394
BASTROP,Gas,1,0.0
BASTROP,Gas,2,0.0
BASTROP,Gas,3,0.0
BASTROP,Gas,4,0.0
BASTROP,Gas,5,0.0
BASTROP,Gas,6,0.0
BASTROP,Gas,7,0.0
BASTROP,Gas,8,0.0
BASTROP,Gas,9,0.0
BASTROP,Gas,10,0.0
BASTROP,Gas,11,0.0
BASTROP,Gas,12,0.0
BASTROP,Gas,13,0.0
BASTROP,Gas,14,0.0
BASTROP,Gas,15,0.0
BASTROP,Gas,16,0.0
BASTROP,Gas,17,0.0
BASTROP,Gas,18,0.0
BASTROP,Gas,19,397.87670930064894
BASTROP,Gas,20,459.5054122456605
BASTROP,Gas,21,305.28963806570266
BASTROP,Gas,22,320.2832615925362
BASTROP,Gas,23,0.0
BASTROP,Gas,24,0.0
MARION,Gas,1,904.2859847694633
MARION,Gas,2,954.4102445718349
MARION,Gas,3,946.8061839677036
MARION,Gas,4,931.4995182509637
MARION,Gas,5,1075.4101589603051
MARION,Gas,6,1081.119907436394
MARION,Gas,7,1081.119907436394
MARION,Gas,8,1081.119907436394
MARION,Gas,9,1081.119907436394
MARION,Gas,10,1081.119907436394
MARION,Gas,11,1081.119907436394
MARION,Gas,12,1081.119907436394
MARION,Gas,13,1081.119907436394
MARION,Gas,14,1081.119907436394
MARION,Gas,15,1081.119907436394
MARION,Gas,16,1081.119907436394
MARION,Gas,17,1081.119907436394
MARION,Gas,18,1081.119907436394
MARION,Gas,19,1081.119907436394
MARION,Gas,20,1081.119907436394
MARION,Gas,21,1081.119907436394
MARION,Gas,22,1081.119907436394
MARION,Gas,23,1081.119907436394
MARION,Gas,24,1081.119907436394
CEDARCREEK,Gas,1,0.0
CEDARCREEK,Gas,2,0.0
CEDARCREEK,Gas,3,0.0
CEDARCREEK,Gas,4,0.0
CEDARCREEK,Gas,5,0.0
CEDARCREEK,Gas,6,0.0
CEDARCREEK,Gas,7,0.0
CEDARCREEK,Gas,8,0.0
CEDARCREEK,Gas,9,0.0
CEDARCREEK,Gas,10,611.5899074363938
CEDARCREEK,Gas,11,611.5899074363938
CEDARCREEK,Gas,12,611.5899074363938
CEDARCREEK,Gas,13,611.5899074363938
CEDARCREEK,Gas,14,611.5899074363938
CEDARCREEK,Gas,15,611.5899074363938
CEDARCREEK,Gas,16,611.5899074363938
CEDARCREEK,Gas,17,611.5899074363938
CEDARCREEK,Gas,18,611.5899074363938
CEDARCREEK,Gas,19,611.5899074363938
CEDARCREEK,Gas,20,611.5899074363938
CEDARCREEK,Gas,21,611.5899074363938
CEDARCREEK,Gas,22,611.5899074363938
CEDARCREEK,Gas,23,611.5899074363938
CEDARCREEK,Gas,24,611.5899074363938
NEWBRAUNFELS,Gas,1,0.0
NEWBRAUNFELS,Gas,2,0.0
NEWBRAUNFELS,Gas,3,0.0
NEWBRAUNFELS,Gas,4,0.0
NEWBRAUNFELS,Gas,5,0.0
NEWBRAUNFELS,Gas,6,0.0
NEWBRAUNFELS,Gas,7,0.0
NEWBRAUNFELS,Gas,8,627.217677050881
NEWBRAUNFELS,Gas,9,894.6920589551705
NEWBRAUNFELS,Gas,10,985.099907436394
NEWBRAUNFELS,Gas,11,985.099907436394
NEWBRAUNFELS,Gas,12,985.099907436394
NEWBRAUNFELS,Gas,13,985.099907436394
NEWBRAUNFELS,Gas,14,985.099907436394
NEWBRAUNFELS,Gas,15,985.099907436394
NEWBRAUNFELS,Gas,16,985.099907436394
NEWBRAUNFELS,Gas,17,985.099907436394
NEWBRAUNFELS,Gas,18,985.099907436394
NEWBRAUNFELS,Gas,19,985.099907436394
NEWBRAUNFELS,Gas,20,985.099907436394
NEWBRAUNFELS,Gas,21,985.099907436394
NEWBRAUNFELS,Gas,22,985.099907436394
NEWBRAUNFELS,Gas,23,985.099907436394
NEWBRAUNFELS,Gas,24,985.099907436394
MISSION,Gas,1,0.0
MISSION,Gas,2,0.0
MISSION,Gas,3,0.0
MISSION,Gas,4,0.0
MISSION,Gas,5,0.0
MISSION,Gas,6,0.0
MISSION,Gas,7,0.0
MISSION,Gas,8,0.0
MISSION,Gas,9,0.0
MISSION,Gas,10,0.0
MISSION,Gas,11,285.2871108573256
MISSION,Gas,12,521.889907436394
MISSION,Gas,13,521.889907436394
MISSION,Gas,14,521.889907436394
MISSION,Gas,15,521.889907436394
MISSION,Gas,16,521.889907436394
MISSION,Gas,17,521.889907436394
MISSION,Gas,18,521.889907436394
MISSION,Gas,19,521.889907436394
MISSION,Gas,20,521.889907436394
MISSION,Gas,21,521.889907436394
MISSION,Gas,22,521.889907436394
MISSION,Gas,23,521.889907436394
MISSION,Gas,24,521.889907436394
LAREDO,Gas,1,256.499907436394
LAREDO,Gas,2,256.499907436394
LAREDO,Gas,3,256.499907436394
LAREDO,Gas,4,256.499907436394
LAREDO,Gas,5,256.499907436394
LAREDO,Gas,6,256.499907436394
LAREDO,Gas,7,256.499907436394
LAREDO,Gas,8,256.499907436394
LAREDO,Gas,9,256.499907436394
LAREDO,Gas,10,256.499907436394
LAREDO,Gas,11,256.499907436394
LAREDO,Gas,12,256.499907436394
LAREDO,Gas,13,256.499907436394
LAREDO,Gas,14,256.499907436394
LAREDO,Gas,15,256.499907436394
LAREDO,Gas,16,256.499907436394
LAREDO,Gas,17,256.499907436394
LAREDO,Gas,18,256.499907436394
LAREDO,Gas,19,256.499907436394
LAREDO,Gas,20,256.499907436394
LAREDO,Gas,21,256.499907436394
LAREDO,Gas,22,256.499907436394
LAREDO,Gas,23,256.499907436394
LAREDO,Gas,24,256.499907436394
PEARSALL,Gas,1,260.499907436394
PEARSALL,Gas,2,260.499907436394
PEARSALL,Gas,3,260.499907436394
PEARSALL,Gas,4,260.499907436394
PEARSALL,Gas,5,260.499907436394
PEARSALL,Gas,6,260.499907436394
PEARSALL,Gas,7,260.499907436394
PEARSALL,Gas,8,260.499907436394
PEARSALL,Gas,9,260.499907436394
PEARSALL,Gas,10,260.499907436394
PEARSALL,Gas,11,260.499907436394
PEARSALL,Gas,12,260.499907436394
PEARSALL,Gas,13,260.499907436394
PEARSALL,Gas,14,260.499907436394
PEARSALL,Gas,15,260.499907436394
PEARSALL,Gas,16,260.499907436394
PEARSALL,Gas,17,260.499907436394
PEARSALL,Gas,18,260.499907436394
PEARSALL,Gas,19,260.499907436394
PEARSALL,Gas,20,260.499907436394
PEARSALL,Gas,21,260.499907436394
PEARSALL,Gas,22,260.499907436394
PEARSALL,Gas,23,260.499907436394
PEARSALL,Gas,24,260.499907436394
SANANTONIO,Gas,1,239.89990743639393
SANANTONIO,Gas,2,239.89990743639393
SANANTONIO,Gas,3,239.89990743639393
SANANTONIO,Gas,4,239.89990743639393
SANANTONIO,Gas,5,239.89990743639393
SANANTONIO,Gas,6,239.89990743639393
SANANTONIO,Gas,7,239.89990743639393
SANANTONIO,Gas,8,239.89990743639393
SANANTONIO,Gas,9,239.89990743639393
SANANTONIO,Gas,10,239.89990743639393
SANANTONIO,Gas,11,239.89990743639393
SANANTONIO,Gas,12,239.89990743639393
SANANTONIO,Gas,13,239.89990743639393
SANANTONIO,Gas,14,239.89990743639393
SANANTONIO,Gas,15,239.89990743639393
SANANTONIO,Gas,16,239.89990743639393
SANANTONIO,Gas,17,239.89990743639393
SANANTONIO,Gas,18,239.89990743639393
SANANTONIO,Gas,19,239.89990743639393
SANANTONIO,Gas,20,239.89990743639393
SANANTONIO,Gas,21,239.89990743639393
SANANTONIO,Gas,22,239.89990743639393
SANANTONIO,Gas,23,239.89990743639393
SANANTONIO,Gas,24,239.89990743639393
NURSERY,Gas,1,208.09990743639392
NURSERY,Gas,2,208.09990743639392
NURSERY,Gas,3,208.09990743639392
NURSERY,Gas,4,208.09990743639392
NURSERY,Gas,5,208.09990743639392
NURSERY,Gas,6,208.09990743639392
NURSERY,Gas,7,208.09990743639392
NURSERY,Gas,8,208.09990743639392
NURSERY,Gas,9,208.09990743639392
NURSERY,Gas,10,208.09990743639392
NURSERY,Gas,11,208.09990743639392
NURSERY,Gas,12,208.09990743639392
NURSERY,Gas,13,208.09990743639392
NURSERY,Gas,14,208.09990743639392
NURSERY,Gas,15,208.09990743639392
NURSERY,Gas,16,208.09990743639392
NURSERY,Gas,17,208.09990743639392
NURSERY,Gas,18,208.09990743639392
NURSERY,Gas,19,208.09990743639392
NURSERY,Gas,20,208.09990743639392
NURSERY,Gas,21,208.09990743639392
NURSERY,Gas,22,208.09990743639392
NURSERY,Gas,23,208.09990743639392
NURSERY,Gas,24,208.09990743639392
VICTORIA,Gas,1,0.0
VICTORIA,Gas,2,0.0
VICTORIA,Gas,3,0.0
VICTORIA,Gas,4,0.0
VICTORIA,Gas,5,0.0
VICTORIA,Gas,6,0.0
VICTORIA,Gas,7,0.0
VICTORIA,Gas,8,0.0
VICTORIA,Gas,9,0.0
VICTORIA,Gas,10,0.0
VICTORIA,Gas,11,0.0
VICTORIA,Gas,12,0.0
VICTORIA,Gas,13,0.0
VICTORIA,Gas,14,0.0
VICTORIA,Gas,15,0.0
VICTORIA,Gas,16,0.0
VICTORIA,Gas,17,0.0
VICTORIA,Gas,18,0.0
VICTORIA,Gas,19,0.0
VICTORIA,Gas,20,0.0
VICTORIA,Gas,21,0.0
VICTORIA,Gas,22,0.0
VICTORIA,Gas,23,0.0
VICTORIA,Gas,24,0.0
POINTCOMFORT,Gas,1,0.0
POINTCOMFORT,Gas,2,0.0
POINTCOMFORT,Gas,3,0.0
POINTCOMFORT,Gas,4,0.0
POINTCOMFORT,Gas,5,0.0
POINTCOMFORT,Gas,6,0.0
POINTCOMFORT,Gas,7,0.0
POINTCOMFORT,Gas,8,40.40459281852226
POINTCOMFORT,Gas,9,87.95368345255424
POINTCOMFORT,Gas,10,162.24333461563208
POINTCOMFORT,Gas,11,184.2377957003486
POINTCOMFORT,Gas,12,140.25563777083073
POINTCOMFORT,Gas,13,104.62362503339571
POINTCOMFORT,Gas,14,130.39531382595624
POINTCOMFORT,Gas,15,55.57695003237148
POINTCOMFORT,Gas,16,65.59747811556925
POINTCOMFORT,Gas,17,103.01570564411195
POINTCOMFORT,Gas,18,177.53288003422162
POINTCOMFORT,Gas,19,339.7523984085926
POINTCOMFORT,Gas,20,324.02559518674536
POINTCOMFORT,Gas,21,237.09102318049023
POINTCOMFORT,Gas,22,197.51806523061347
POINTCOMFORT,Gas,23,70.67450417025405
POINTCOMFORT,Gas,24,75.7495592370252
WHARTON,Gas,1,572.989907436394
WHARTON,Gas,2,572.989907436394
WHARTON,Gas,3,572.989907436394
WHARTON,Gas,4,572.989907436394
WHARTON,Gas,5,572.989907436394
WHARTON,Gas,6,572.989907436394
WHARTON,Gas,7,572.989907436394
WHARTON,Gas,8,572.989907436394
WHARTON,Gas,9,572.989907436394
WHARTON,Gas,10,572.989907436394
WHARTON,Gas,11,572.989907436394
WHARTON,Gas,12,572.989907436394
WHARTON,Gas,13,572.989907436394
WHARTON,Gas,14,572.989907436394
WHARTON,Gas,15,572.989907436394
WHARTON,Gas,16,572.989907436394
WHARTON,Gas,17,572.989907436394
WHARTON,Gas,18,572.989907436394
WHARTON,Gas,19,572.989907436394
WHARTON,Gas,20,572.989907436394
WHARTON,Gas,21,572.989907436394
WHARTON,Gas,22,572.989907436394
WHARTON,Gas,23,572.989907436394
WHARTON,Gas,24,572.989907436394
CORPUSCHRISTI,Gas,1,0.0
CORPUSCHRISTI,Gas,2,0.0
CORPUSCHRISTI,Gas,3,0.0
CORPUSCHRISTI,Gas,4,0.0
CORPUSCHRISTI,Gas,5,0.0
CORPUSCHRISTI,Gas,6,0.0
CORPUSCHRISTI,Gas,7,0.0
CORPUSCHRISTI,Gas,8,0.0
CORPUSCHRISTI,Gas,9,0.0
CORPUSCHRISTI,Gas,10,0.0
CORPUSCHRISTI,Gas,11,0.0
CORPUSCHRISTI,Gas,12,0.0
CORPUSCHRISTI,Gas,13,0.0
CORPUSCHRISTI,Gas,14,0.0
CORPUSCHRISTI,Gas,15,0.0
CORPUSCHRISTI,Gas,16,0.0
CORPUSCHRISTI,Gas,17,0.0
CORPUSCHRISTI,Gas,18,0.0
CORPUSCHRISTI,Gas,19,0.0
CORPUSCHRISTI,Gas,20,0.0
CORPUSCHRISTI,Gas,21,0.0
CORPUSCHRISTI,Gas,22,0.0
CORPUSCHRISTI,Gas,23,0.0
CORPUSCHRISTI,Gas,24,0.0
BROWNSVILLE,Gas,1,1291.3846898601262
BROWNSVILLE,Gas,2,1200.4267666615792
BROWNSVILLE,Gas,3,1235.9722579035015
BROWNSVILLE,Gas,4,1320.4235584217336
BROWNSVILLE,Gas,5,1425.7522507715341
BROWNSVILLE,Gas,6,1515.609907436394
BROWNSVILLE,Gas,7,1515.609907436394
BROWNSVILLE,Gas,8,1515.609907436394
BROWNSVILLE,Gas,9,1515.609907436394
BROWNSVILLE,Gas,10,1515.609907436394
BROWNSVILLE,Gas,11,1515.609907436394
BROWNSVILLE,Gas,12,1515.609907436394
BROWNSVILLE,Gas,13,1515.609907436394
BROWNSVILLE,Gas,14,1515.609907436394
BROWNSVILLE,Gas,15,1515.609907436394
BROWNSVILLE,Gas,16,1515.609907436394
BROWNSVILLE,Gas,17,1515.609907436394
BROWNSVILLE,Gas,18,1515.609907436394
BROWNSVILLE,Gas,19,1515.609907436394
BROWNSVILLE,Gas,20,1515.609907436394
BROWNSVILLE,Gas,21,1515.609907436394
BROWNSVILLE,Gas,22,1515.609907436394
BROWNSVILLE,Gas,23,1515.609907436394
BROWNSVILLE,Gas,24,1515.609907436394
BISHOP,Gas,1,13.926642046956523
BISHOP,Gas,2,13.926642046956523
BISHOP,Gas,3,13.926642046956523
BISHOP,Gas,4,13.926642046956523
BISHOP,Gas,5,13.926642046956523
BISHOP,Gas,6,13.926642046956523
BISHOP,Gas,7,13.926642046956523
BISHOP,Gas,8,13.926642046956523
BISHOP,Gas,9,13.926642046956523
BISHOP,Gas,10,13.926642046956523
BISHOP,Gas,11,13.926642046956523
BISHOP,Gas,12,13.926642046956523
BISHOP,Gas,13,13.926642046956523
BISHOP,Gas,14,13.926642046956523
BISHOP,Gas,15,13.926642046956523
BISHOP,Gas,16,13.926642046956523
BISHOP,Gas,17,13.926642046956523
BISHOP,Gas,18,13.926642046956523
BISHOP,Gas,19,13.926642046956523
BISHOP,Gas,20,13.926642046956523
BISHOP,Gas,21,13.926642046956523
BISHOP,Gas,22,13.926642046956523
BISHOP,Gas,23,13.926642046956523
BISHOP,Gas,24,13.926642046956523
GREGORY,Gas,1,0.0
GREGORY,Gas,2,0.0
GREGORY,Gas,3,0.0
GREGORY,Gas,4,0.0
GREGORY,Gas,5,0.0
GREGORY,Gas,6,10.45644762087668
GREGORY,Gas,7,293.8546830262246
GREGORY,Gas,8,576.2448299832535
GREGORY,Gas,9,749.0482544130562
GREGORY,Gas,10,937.7676044608208
GREGORY,Gas,11,941.889907436394
GREGORY,Gas,12,941.889907436394
GREGORY,Gas,13,941.889907436394
GREGORY,Gas,14,941.889907436394
GREGORY,Gas,15,941.889907436394
GREGORY,Gas,16,941.889907436394
GREGORY,Gas,17,941.889907436394
GREGORY,Gas,18,941.889907436394
GREGORY,Gas,19,941.889907436394
GREGORY,Gas,20,941.889907436394
GREGORY,Gas,21,941.889907436394
GREGORY,Gas,22,941.889907436394
GREGORY,Gas,23,941.889907436394
GREGORY,Gas,24,941.889907436394
CORPUSCHRISTI_3,Gas,1,0.0
CORPUSCHRISTI_3,Gas,2,0.0
CORPUSCHRISTI_3,Gas,3,0.0
CORPUSCHRISTI_3,Gas,4,0.0
CORPUSCHRISTI_3,Gas,5,0.0
CORPUSCHRISTI_3,Gas,6,0.0
CORPUSCHRISTI_3,Gas,7,0.0
CORPUSCHRISTI_3,Gas,8,0.0
CORPUSCHRISTI_3,Gas,9,0.0
CORPUSCHRISTI_3,Gas,10,0.0
CORPUSCHRISTI_3,Gas,11,0.0
CORPUSCHRISTI_3,Gas,12,45.68721599040524
CORPUSCHRISTI_3,Gas,13,134.86851946875288
CORPUSCHRISTI_3,Gas,14,130.3721893361523
CORPUSCHRISTI_3,Gas,15,211.23294867682114
CORPUSCHRISTI_3,Gas,16,269.12535781941426
CORPUSCHRISTI_3,Gas,17,434.0237625397768
CORPUSCHRISTI_3,Gas,18,700.330830258591
CORPUSCHRISTI_3,Gas,19,819.8184987301139
CORPUSCHRISTI_3,Gas,20,851.1569544421492
CORPUSCHRISTI_3,Gas,21,843.6898176881002
CORPUSCHRISTI_3,Gas,22,803.9250288394184
CORPUSCHRISTI_3,Gas,23,703.8480924555722
CORPUSCHRISTI_3,Gas,24,502.4237223881034
DALLAS,Gas,1,0.0
DALLAS,Gas,2,0.0
DALLAS,Gas,3,0.0
DALLAS,Gas,4,0.0
DALLAS,Gas,5,0.0
DALLAS,Gas,6,0.0
DALLAS,Gas,7,0.0
DALLAS,Gas,8,0.0
DALLAS,Gas,9,0.0
DALLAS,Gas,10,364.8234918766205
DALLAS,Gas,11,482.5097287546508
DALLAS,Gas,12,0.0
DALLAS,Gas,13,0.0
DALLAS,Gas,14,16.07918234173787
DALLAS,Gas,15,1150.2765110839532
DALLAS,Gas,16,1498.7026635267432
DALLAS,Gas,17,1854.319907436394
DALLAS,Gas,18,1854.319907436394
DALLAS,Gas,19,1854.319907436394
DALLAS,Gas,20,1854.319907436394
DALLAS,Gas,21,1854.319907436394
DALLAS,Gas,22,1854.319907436394
DALLAS,Gas,23,1854.319907436394
DALLAS,Gas,24,1854.319907436394
ENNIS,Gas,1,0.0
ENNIS,Gas,2,0.0
ENNIS,Gas,3,0.0
ENNIS,Gas,4,0.0
ENNIS,Gas,5,0.0
ENNIS,Gas,6,410.89990743639396
ENNIS,Gas,7,410.89990743639396
ENNIS,Gas,8,410.89990743639396
ENNIS,Gas,9,410.89990743639396
ENNIS,Gas,10,410.89990743639396
ENNIS,Gas,11,410.89990743639396
ENNIS,Gas,12,410.89990743639396
ENNIS,Gas,13,410.89990743639396
ENNIS,Gas,14,410.89990743639396
ENNIS,Gas,15,410.89990743639396
ENNIS,Gas,16,410.89990743639396
ENNIS,Gas,17,410.89990743639396
ENNIS,Gas,18,410.89990743639396
ENNIS,Gas,19,410.89990743639396
ENNIS,Gas,20,410.89990743639396
ENNIS,Gas,21,410.89990743639396
ENNIS,Gas,22,410.89990743639396
ENNIS,Gas,23,410.89990743639396
ENNIS,Gas,24,410.89990743639396
MIDLOTHIAN,Gas,1,0.0
MIDLOTHIAN,Gas,2,0.0
MIDLOTHIAN,Gas,3,0.0
MIDLOTHIAN,Gas,4,0.0
MIDLOTHIAN,Gas,5,0.0
MIDLOTHIAN,Gas,6,0.0
MIDLOTHIAN,Gas,7,0.0
MIDLOTHIAN,Gas,8,0.0
MIDLOTHIAN,Gas,9,0.0
MIDLOTHIAN,Gas,10,0.0
MIDLOTHIAN,Gas,11,0.0
MIDLOTHIAN,Gas,12,0.0
MIDLOTHIAN,Gas,13,0.0
MIDLOTHIAN,Gas,14,0.0
MIDLOTHIAN,Gas,15,0.0
MIDLOTHIAN,Gas,16,0.0
MIDLOTHIAN,Gas,17,0.0
MIDLOTHIAN,Gas,18,0.0
MIDLOTHIAN,Gas,19,0.0
MIDLOTHIAN,Gas,20,0.0
MIDLOTHIAN,Gas,21,0.0
MIDLOTHIAN,Gas,22,0.0
MIDLOTHIAN,Gas,23,0.0
MIDLOTHIAN,Gas,24,0.0
GREENVILLE,Gas,1,0.0
GREENVILLE,Gas,2,0.0
GREENVILLE,Gas,3,0.0
GREENVILLE,Gas,4,0.0
GREENVILLE,Gas,5,0.0
GREENVILLE,Gas,6,0.0
GREENVILLE,Gas,7,0.0
GREENVILLE,Gas,8,0.0
GREENVILLE,Gas,9,0.0
GREENVILLE,Gas,10,0.0
GREENVILLE,Gas,11,0.0
GREENVILLE,Gas,12,0.0
GREENVILLE,Gas,13,0.0
GREENVILLE,Gas,14,0.0
GREENVILLE,Gas,15,0.0
GREENVILLE,Gas,16,0.0
GREENVILLE,Gas,17,0.0
GREENVILLE,Gas,18,0.0
GREENVILLE,Gas,19,0.0
GREENVILLE,Gas,20,0.0
GREENVILLE,Gas,21,0.0
GREENVILLE,Gas,22,0.0
GREENVILLE,Gas,23,0.0
GREENVILLE,Gas,24,0.0
MCKINNEY,Gas,1,1351.299907436394
MCKINNEY,Gas,2,1351.299907436394
MCKINNEY,Gas,3,1351.299907436394
MCKINNEY,Gas,4,1351.299907436394
MCKINNEY,Gas,5,1351.299907436394
MCKINNEY,Gas,6,1351.299907436394
MCKINNEY,Gas,7,1351.299907436394
MCKINNEY,Gas,8,1351.299907436394
MCKINNEY,Gas,9,1351.299907436394
MCKINNEY,Gas,10,1351.299907436394
MCKINNEY,Gas,11,1351.299907436394
MCKINNEY,Gas,12,1351.299907436394
MCKINNEY,Gas,13,1351.299907436394
MCKINNEY,Gas,14,1351.299907436394
MCKINNEY,Gas,15,1351.299907436394
MCKINNEY,Gas,16,1351.299907436394
MCKINNEY,Gas,17,1351.299907436394
MCKINNEY,Gas,18,1351.299907436394
MCKINNEY,Gas,19,1351.299907436394
MCKINNEY,Gas,20,1351.299907436394
MCKINNEY,Gas,21,1351.299907436394
MCKINNEY,Gas,22,1351.299907436394
MCKINNEY,Gas,23,1351.299907436394
MCKINNEY,Gas,24,1351.299907436394
MTENTERPRISE,Gas,1,771.3994623740969
MTENTERPRISE,Gas,2,678.7875537067519
MTENTERPRISE,Gas,3,721.9173454969117
MTENTERPRISE,Gas,4,825.9855203448969
MTENTERPRISE,Gas,5,911.6309411557072
MTENTERPRISE,Gas,6,932.499907436394
MTENTERPRISE,Gas,7,932.499907436394
MTENTERPRISE,Gas,8,932.499907436394
MTENTERPRISE,Gas,9,932.499907436394
MTENTERPRISE,Gas,10,0.0
MTENTERPRISE,Gas,11,0.0
MTENTERPRISE,Gas,12,554.494972313176
MTENTERPRISE,Gas,13,741.0997444368104
MTENTERPRISE,Gas,14,932.499907436394
MTENTERPRISE,Gas,15,0.0
MTENTERPRISE,Gas,16,0.0
MTENTERPRISE,Gas,17,432.3611766417782
MTENTERPRISE,Gas,18,932.499907436394
MTENTERPRISE,Gas,19,932.499907436394
MTENTERPRISE,Gas,20,932.499907436394
MTENTERPRISE,Gas,21,932.499907436394
MTENTERPRISE,Gas,22,932.499907436394
MTENTERPRISE,Gas,23,932.499907436394
MTENTERPRISE,Gas,24,932.499907436394
ARLINGTON,Gas,1,403.59046590072984
ARLINGTON,Gas,2,276.9547639718435
ARLINGTON,Gas,3,327.9253932203105
ARLINGTON,Gas,4,448.0373052181976
ARLINGTON,Gas,5,525.7994971833
ARLINGTON,Gas,6,526.9154166413205
ARLINGTON,Gas,7,595.923828240955
ARLINGTON,Gas,8,566.2712252226906
ARLINGTON,Gas,9,483.0791510807626
ARLINGTON,Gas,10,1218.2769797462713
ARLINGTON,Gas,11,1320.109907436394
ARLINGTON,Gas,12,0.0
ARLINGTON,Gas,13,0.0
ARLINGTON,Gas,14,0.0
ARLINGTON,Gas,15,0.0
ARLINGTON,Gas,16,0.0
ARLINGTON,Gas,17,0.0
ARLINGTON,Gas,18,0.0
ARLINGTON,Gas,19,0.0
ARLINGTON,Gas,20,0.0
ARLINGTON,Gas,21,0.0
ARLINGTON,Gas,22,0.0
ARLINGTON,Gas,23,0.0
ARLINGTON,Gas,24,0.0
DALLAS_4,Gas,1,0.0
DALLAS_4,Gas,2,0.0
DALLAS_4,Gas,3,0.0
DALLAS_4,Gas,4,0.0
DALLAS_4,Gas,5,0.0
DALLAS_4,Gas,6,0.0
DALLAS_4,Gas,7,0.0
DALLAS_4,Gas,8,0.0
DALLAS_4,Gas,9,0.0
DALLAS_4,Gas,10,0.0
DALLAS_4,Gas,11,0.0
DALLAS_4,Gas,12,0.0
DALLAS_4,Gas,13,0.0
DALLAS_4,Gas,14,0.0
DALLAS_4,Gas,15,0.0
DALLAS_4,Gas,16,0.0
DALLAS_4,Gas,17,0.0
DALLAS_4,Gas,18,0.0
DALLAS_4,Gas,19,0.0
DALLAS_4,Gas,20,0.0
DALLAS_4,Gas,21,0.0
DALLAS_4,Gas,22,0.0
DALLAS_4,Gas,23,0.0
DALLAS_4,Gas,24,0.0
TEMPLE,Gas,1,456.28652806823163
TEMPLE,Gas,2,481.55777839264545
TEMPLE,Gas,3,477.02523110952654
TEMPLE,Gas,4,467.4868904704325
TEMPLE,Gas,5,462.1612432858203
TEMPLE,Gas,6,490.3811230923084
TEMPLE,Gas,7,502.30109896171825
TEMPLE,Gas,8,440.9723601687341
TEMPLE,Gas,9,460.78784911794014
TEMPLE,Gas,10,400.9748570439686
TEMPLE,Gas,11,431.9768269405588
TEMPLE,Gas,12,438.4442437866716
TEMPLE,Gas,13,401.7333068321941
TEMPLE,Gas,14,362.1044377053352
TEMPLE,Gas,15,331.84862645286717
TEMPLE,Gas,16,315.02683397985953
TEMPLE,Gas,17,316.8099322916118
TEMPLE,Gas,18,514.5711167906627
TEMPLE,Gas,19,686.6760471361649
TEMPLE,Gas,20,714.8854391395625
TEMPLE,Gas,21,696.757834188407
TEMPLE,Gas,22,610.8108094885024
TEMPLE,Gas,23,430.1258403428897
TEMPLE,Gas,24,251.87491414524604
LEWSIVILLE,Gas,1,0.0
LEWSIVILLE,Gas,2,0.0
LEWSIVILLE,Gas,3,0.0
LEWSIVILLE,Gas,4,0.0
LEWSIVILLE,Gas,5,0.0
LEWSIVILLE,Gas,6,0.0
LEWSIVILLE,Gas,7,0.0
LEWSIVILLE,Gas,8,0.0
LEWSIVILLE,Gas,9,0.0
LEWSIVILLE,Gas,10,0.0
LEWSIVILLE,Gas,11,0.0
LEWSIVILLE,Gas,12,0.0
LEWSIVILLE,Gas,13,0.0
LEWSIVILLE,Gas,14,0.0
LEWSIVILLE,Gas,15,0.0
LEWSIVILLE,Gas,16,0.0
LEWSIVILLE,Gas,17,0.0
LEWSIVILLE,Gas,18,0.0
LEWSIVILLE,Gas,19,0.0
LEWSIVILLE,Gas,20,0.0
LEWSIVILLE,Gas,21,0.0
LEWSIVILLE,Gas,22,0.0
LEWSIVILLE,Gas,23,0.0
LEWSIVILLE,Gas,24,0.0
WINCHESTER,Gas,1,234.89990743639393
WINCHESTER,Gas,2,234.89990743639393
WINCHESTER,Gas,3,234.89990743639393
WINCHESTER,Gas,4,234.89990743639393
WINCHESTER,Gas,5,234.89990743639393
WINCHESTER,Gas,6,234.89990743639393
WINCHESTER,Gas,7,234.89990743639393
WINCHESTER,Gas,8,234.89990743639393
WINCHESTER,Gas,9,234.89990743639393
WINCHESTER,Gas,10,234.89990743639393
WINCHESTER,Gas,11,234.89990743639393
WINCHESTER,Gas,12,234.89990743639393
WINCHESTER,Gas,13,234.89990743639393
WINCHESTER,Gas,14,234.89990743639393
WINCHESTER,Gas,15,234.89990743639393
WINCHESTER,Gas,16,234.89990743639393
WINCHESTER,Gas,17,234.89990743639393
WINCHESTER,Gas,18,234.89990743639393
WINCHESTER,Gas,19,234.89990743639393
WINCHESTER,Gas,20,234.89990743639393
WINCHESTER,Gas,21,234.89990743639393
WINCHESTER,Gas,22,234.89990743639393
WINCHESTER,Gas,23,234.89990743639393
WINCHESTER,Gas,24,234.89990743639393
SANANTONIO_5,Gas,1,0.0
SANANTONIO_5,Gas,2,0.0
SANANTONIO_5,Gas,3,0.0
SANANTONIO_5,Gas,4,0.0
SANANTONIO_5,Gas,5,0.0
SANANTONIO_5,Gas,6,0.0
SANANTONIO_5,Gas,7,0.0
SANANTONIO_5,Gas,8,0.0
SANANTONIO_5,Gas,9,0.0
SANANTONIO_5,Gas,10,0.0
SANANTONIO_5,Gas,11,0.0
SANANTONIO_5,Gas,12,0.0
SANANTONIO_5,Gas,13,0.0
SANANTONIO_5,Gas,14,0.0
SANANTONIO_5,Gas,15,0.0
SANANTONIO_5,Gas,16,0.0
SANANTONIO_5,Gas,17,0.0
SANANTONIO_5,Gas,18,0.0
SANANTONIO_5,Gas,19,0.0
SANANTONIO_5,Gas,20,0.0
SANANTONIO_5,Gas,21,0.0
SANANTONIO_5,Gas,22,0.0
SANANTONIO_5,Gas,23,0.0
SANANTONIO_5,Gas,24,0.0
SEGUIN,Gas,1,0.0
SEGUIN,Gas,2,0.0
SEGUIN,Gas,3,0.0
SEGUIN,Gas,4,0.0
SEGUIN,Gas,5,0.0
SEGUIN,Gas,6,0.0
SEGUIN,Gas,7,0.0
SEGUIN,Gas,8,0.0
SEGUIN,Gas,9,0.0
SEGUIN,Gas,10,0.0
SEGUIN,Gas,11,0.0
SEGUIN,Gas,12,0.0
SEGUIN,Gas,13,0.0
SEGUIN,Gas,14,0.0
SEGUIN,Gas,15,0.0
SEGUIN,Gas,16,0.0
SEGUIN,Gas,17,0.0
SEGUIN,Gas,18,0.0
SEGUIN,Gas,19,0.0
SEGUIN,Gas,20,0.0
SEGUIN,Gas,21,0.0
SEGUIN,Gas,22,0.0
SEGUIN,Gas,23,0.0
SEGUIN,Gas,24,0.0
ELMENDORF,Gas,1,0.0
ELMENDORF,Gas,2,0.0
ELMENDORF,Gas,3,0.0
ELMENDORF,Gas,4,0.0
ELMENDORF,Gas,5,0.0
ELMENDORF,Gas,6,0.0
ELMENDORF,Gas,7,0.0
ELMENDORF,Gas,8,0.0
ELMENDORF,Gas,9,0.0
ELMENDORF,Gas,10,104.75777499539109
ELMENDORF,Gas,11,112.62307040658231
ELMENDORF,Gas,12,513.5556377535752
ELMENDORF,Gas,13,526.5309250492211
ELMENDORF,Gas,14,170.767525765798
ELMENDORF,Gas,15,462.53578117782934
ELMENDORF,Gas,16,440.44045858910795
ELMENDORF,Gas,17,591.993166250492
ELMENDORF,Gas,18,1145.2763529467427
ELMENDORF,Gas,19,1680.8899074363937
ELMENDORF,Gas,20,1680.8899074363937
ELMENDORF,Gas,21,1680.8899074363937
ELMENDORF,Gas,22,1151.9463225968298
ELMENDORF,Gas,23,1092.6303441961138
ELMENDORF,Gas,24,304.3523790908282
PASADENA,Gas,1,0.0
PASADENA,Gas,2,0.0
PASADENA,Gas,3,0.0
PASADENA,Gas,4,0.0
PASADENA,Gas,5,0.0
PASADENA,Gas,6,0.0
PASADENA,Gas,7,0.0
PASADENA,Gas,8,0.0
PASADENA,Gas,9,0.0
PASADENA,Gas,10,0.0
PASADENA,Gas,11,0.0
PASADENA,Gas,12,0.0
PASADENA,Gas,13,0.0
PASADENA,Gas,14,0.0
PASADENA,Gas,15,0.0
PASADENA,Gas,16,0.0
PASADENA,Gas,17,0.0
PASADENA,Gas,18,0.0
PASADENA,Gas,19,0.0
PASADENA,Gas,20,0.0
PASADENA,Gas,21,0.0
PASADENA,Gas,22,0.0
PASADENA,Gas,23,0.0
PASADENA,Gas,24,0.0
BAYTOWN,Gas,1,1084.799907436394
BAYTOWN,Gas,2,1084.799907436394
BAYTOWN,Gas,3,1084.799907436394
BAYTOWN,Gas,4,1084.799907436394
BAYTOWN,Gas,5,1084.799907436394
BAYTOWN,Gas,6,1084.799907436394
BAYTOWN,Gas,7,1084.799907436394
BAYTOWN,Gas,8,1084.799907436394
BAYTOWN,Gas,9,1084.799907436394
BAYTOWN,Gas,10,1084.799907436394
BAYTOWN,Gas,11,1084.799907436394
BAYTOWN,Gas,12,1084.799907436394
BAYTOWN,Gas,13,1084.799907436394
BAYTOWN,Gas,14,1084.799907436394
BAYTOWN,Gas,15,1084.799907436394
BAYTOWN,Gas,16,1084.799907436394
BAYTOWN,Gas,17,1084.799907436394
BAYTOWN,Gas,18,1084.799907436394
BAYTOWN,Gas,19,1084.799907436394
BAYTOWN,Gas,20,1084.799907436394
BAYTOWN,Gas,21,1084.799907436394
BAYTOWN,Gas,22,1084.799907436394
BAYTOWN,Gas,23,1084.799907436394
BAYTOWN,Gas,24,1084.799907436394
DEERPARK,Gas,1,0.0
DEERPARK,Gas,2,0.0
DEERPARK,Gas,3,0.0
DEERPARK,Gas,4,0.0
DEERPARK,Gas,5,0.0
DEERPARK,Gas,6,0.0
DEERPARK,Gas,7,293.8431440191771
DEERPARK,Gas,8,513.7767771378575
DEERPARK,Gas,9,676.4245842231285
DEERPARK,Gas,10,944.5117276538006
DEERPARK,Gas,11,1045.6163184915645
DEERPARK,Gas,12,1006.54760662495
DEERPARK,Gas,13,874.0793489609877
DEERPARK,Gas,14,822.3989729079102
DEERPARK,Gas,15,655.1790659444679
DEERPARK,Gas,16,679.1317884704519
DEERPARK,Gas,17,876.5123841743625
DEERPARK,Gas,18,1367.3515155333432
DEERPARK,Gas,19,1420.899907436394
DEERPARK,Gas,20,1420.899907436394
DEERPARK,Gas,21,1420.899907436394
DEERPARK,Gas,22,1393.0567796413989
DEERPARK,Gas,23,915.2682314230358
DEERPARK,Gas,24,631.7547121480764
LAPORTE,Gas,1,1452.099907436394
LAPORTE,Gas,2,1452.099907436394
LAPORTE,Gas,3,1452.099907436394
LAPORTE,Gas,4,1452.099907436394
LAPORTE,Gas,5,1452.099907436394
LAPORTE,Gas,6,1452.099907436394
LAPORTE,Gas,7,1452.099907436394
LAPORTE,Gas,8,1452.099907436394
LAPORTE,Gas,9,1452.099907436394
LAPORTE,Gas,10,1452.099907436394
LAPORTE,Gas,11,1452.099907436394
LAPORTE,Gas,12,1452.099907436394
LAPORTE,Gas,13,1452.099907436394
LAPORTE,Gas,14,1452.099907436394
LAPORTE,Gas,15,1452.099907436394
LAPORTE,Gas,16,1452.099907436394
LAPORTE,Gas,17,1452.099907436394
LAPORTE,Gas,18,1452.099907436394
LAPORTE,Gas,19,1452.099907436394
LAPORTE,Gas,20,1452.099907436394
LAPORTE,Gas,21,1452.099907436394
LAPORTE,Gas,22,1452.099907436394
LAPORTE,Gas,23,1452.099907436394
LAPORTE,Gas,24,1452.099907436394
HOUSTON,Gas,1,1907.699907436394
HOUSTON,Gas,2,1907.699907436394
HOUSTON,Gas,3,1907.699907436394
HOUSTON,Gas,4,1907.699907436394
HOUSTON,Gas,5,1907.699907436394
HOUSTON,Gas,6,1907.699907436394
HOUSTON,Gas,7,1907.699907436394
HOUSTON,Gas,8,1907.699907436394
HOUSTON,Gas,9,1907.699907436394
HOUSTON,Gas,10,1907.699907436394
HOUSTON,Gas,11,1907.699907436394
HOUSTON,Gas,12,1907.699907436394
HOUSTON,Gas,13,1907.699907436394
HOUSTON,Gas,14,1907.699907436394
HOUSTON,Gas,15,1907.699907436394
HOUSTON,Gas,16,1907.699907436394
HOUSTON,Gas,17,1907.699907436394
HOUSTON,Gas,18,1907.699907436394
HOUSTON,Gas,19,1907.699907436394
HOUSTON,Gas,20,1907.699907436394
HOUSTON,Gas,21,1907.699907436394
HOUSTON,Gas,22,1907.699907436394
HOUSTON,Gas,23,1907.699907436394
HOUSTON,Gas,24,1907.699907436394
MONTBELVIEU,Gas,1,10.426642046956523
MONTBELVIEU,Gas,2,10.426642046956523
MONTBELVIEU,Gas,3,10.426642046956523
MONTBELVIEU,Gas,4,10.426642046956523
MONTBELVIEU,Gas,5,10.426642046956523
MONTBELVIEU,Gas,6,10.426642046956523
MONTBELVIEU,Gas,7,10.426642046956523
MONTBELVIEU,Gas,8,10.426642046956523
MONTBELVIEU,Gas,9,10.426642046956523
MONTBELVIEU,Gas,10,10.426642046956523
MONTBELVIEU,Gas,11,10.426642046956523
MONTBELVIEU,Gas,12,10.426642046956523
MONTBELVIEU,Gas,13,10.426642046956523
MONTBELVIEU,Gas,14,10.426642046956523
MONTBELVIEU,Gas,15,10.426642046956523
MONTBELVIEU,Gas,16,10.426642046956523
MONTBELVIEU,Gas,17,10.426642046956523
MONTBELVIEU,Gas,18,10.426642046956523
MONTBELVIEU,Gas,19,10.426642046956523
MONTBELVIEU,Gas,20,10.426642046956523
MONTBELVIEU,Gas,21,10.426642046956523
MONTBELVIEU,Gas,22,10.426642046956523
MONTBELVIEU,Gas,23,10.426642046956523
MONTBELVIEU,Gas,24,10.426642046956523
FREEPORT,Gas,1,1521.639907436394
FREEPORT,Gas,2,1521.639907436394
FREEPORT,Gas,3,1521.639907436394
FREEPORT,Gas,4,1521.639907436394
FREEPORT,Gas,5,1521.639907436394
FREEPORT,Gas,6,1521.639907436394
FREEPORT,Gas,7,1521.639907436394
FREEPORT,Gas,8,1521.639907436394
FREEPORT,Gas,9,1521.639907436394
FREEPORT,Gas,10,1521.639907436394
FREEPORT,Gas,11,1521.639907436394
FREEPORT,Gas,12,1521.639907436394
FREEPORT,Gas,13,1521.639907436394
FREEPORT,Gas,14,1521.639907436394
FREEPORT,Gas,15,1521.639907436394
FREEPORT,Gas,16,1521.639907436394
FREEPORT,Gas,17,1521.639907436394
FREEPORT,Gas,18,1521.639907436394
FREEPORT,Gas,19,1521.639907436394
FREEPORT,Gas,20,1521.639907436394
FREEPORT,Gas,21,1521.639907436394
FREEPORT,Gas,22,1521.639907436394
FREEPORT,Gas,23,1521.639907436394
FREEPORT,Gas,24,1521.639907436394
CHANNELVIEW,Gas,1,1554.819907436394
CHANNELVIEW,Gas,2,1554.819907436394
CHANNELVIEW,Gas,3,1554.819907436394
CHANNELVIEW,Gas,4,1554.819907436394
CHANNELVIEW,Gas,5,1554.819907436394
CHANNELVIEW,Gas,6,1554.819907436394
CHANNELVIEW,Gas,7,1554.819907436394
CHANNELVIEW,Gas,8,1554.819907436394
CHANNELVIEW,Gas,9,1554.819907436394
CHANNELVIEW,Gas,10,1554.819907436394
CHANNELVIEW,Gas,11,1554.819907436394
CHANNELVIEW,Gas,12,1554.819907436394
CHANNELVIEW,Gas,13,1554.819907436394
CHANNELVIEW,Gas,14,1554.819907436394
CHANNELVIEW,Gas,15,1554.819907436394
CHANNELVIEW,Gas,16,1554.819907436394
CHANNELVIEW,Gas,17,1554.819907436394
CHANNELVIEW,Gas,18,1554.819907436394
CHANNELVIEW,Gas,19,1554.819907436394
CHANNELVIEW,Gas,20,1554.819907436394
CHANNELVIEW,Gas,21,1554.819907436394
CHANNELVIEW,Gas,22,1554.819907436394
CHANNELVIEW,Gas,23,1554.819907436394
CHANNELVIEW,Gas,24,1554.819907436394
ALVIN,Gas,1,1501.799907436394
ALVIN,Gas,2,1501.799907436394
ALVIN,Gas,3,1501.799907436394
ALVIN,Gas,4,1501.799907436394
ALVIN,Gas,5,1501.799907436394
ALVIN,Gas,6,1501.799907436394
ALVIN,Gas,7,1501.799907436394
ALVIN,Gas,8,1501.799907436394
ALVIN,Gas,9,1501.799907436394
ALVIN,Gas,10,1501.799907436394
ALVIN,Gas,11,1501.799907436394
ALVIN,Gas,12,1501.799907436394
ALVIN,Gas,13,1501.799907436394
ALVIN,Gas,14,1501.799907436394
ALVIN,Gas,15,1501.799907436394
ALVIN,Gas,16,1501.799907436394
ALVIN,Gas,17,1501.799907436394
ALVIN,Gas,18,1501.799907436394
ALVIN,Gas,19,1501.799907436394
ALVIN,Gas,20,1501.799907436394
ALVIN,Gas,21,1501.799907436394
ALVIN,Gas,22,1501.799907436394
ALVIN,Gas,23,1501.799907436394
ALVIN,Gas,24,1501.799907436394
HOUSTON_6,Gas,1,0.0
HOUSTON_6,Gas,2,0.0
HOUSTON_6,Gas,3,0.0
HOUSTON_6,Gas,4,0.0
HOUSTON_6,Gas,5,0.0
HOUSTON_6,Gas,6,0.0
HOUSTON_6,Gas,7,0.0
HOUSTON_6,Gas,8,0.0
HOUSTON_6,Gas,9,0.0
HOUSTON_6,Gas,10,0.0
HOUSTON_6,Gas,11,0.0
HOUSTON_6,Gas,12,0.0
HOUSTON_6,Gas,13,0.0
HOUSTON_6,Gas,14,0.0
HOUSTON_6,Gas,15,0.0
HOUSTON_6,Gas,16,0.0
HOUSTON_6,Gas,17,0.0
HOUSTON_6,Gas,18,0.0
HOUSTON_6,Gas,19,0.0
HOUSTON_6,Gas,20,0.0
HOUSTON_6,Gas,21,0.0
HOUSTON_6,Gas,22,0.0
HOUSTON_6,Gas,23,0.0
HOUSTON_6,Gas,24,0.0
LAPORTE_7,Gas,1,0.0
LAPORTE_7,Gas,2,0.0
LAPORTE_7,Gas,3,0.0
LAPORTE_7,Gas,4,0.0
LAPORTE_7,Gas,5,0.0
LAPORTE_7,Gas,6,0.0
LAPORTE_7,Gas,7,0.0
LAPORTE_7,Gas,8,0.0
LAPORTE_7,Gas,9,0.0
LAPORTE_7,Gas,10,0.0
LAPORTE_7,Gas,11,0.0
LAPORTE_7,Gas,12,0.0
LAPORTE_7,Gas,13,0.0
LAPORTE_7,Gas,14,0.0
LAPORTE_7,Gas,15,0.0
LAPORTE_7,Gas,16,0.0
LAPORTE_7,Gas,17,0.0
LAPORTE_7,Gas,18,0.0
LAPORTE_7,Gas,19,0.0
LAPORTE_7,Gas,20,0.0
LAPORTE_7,Gas,21,0.0
LAPORTE_7,Gas,22,0.0
LAPORTE_7,Gas,23,0.0
LAPORTE_7,Gas,24,0.0
HOUSTON_8,Gas,1,0.0
HOUSTON_8,Gas,2,0.0
HOUSTON_8,Gas,3,0.0
HOUSTON_8,Gas,4,0.0
HOUSTON_8,Gas,5,0.0
HOUSTON_8,Gas,6,0.0
HOUSTON_8,Gas,7,0.0
HOUSTON_8,Gas,8,0.0
HOUSTON_8,Gas,9,0.0
HOUSTON_8,Gas,10,0.0
HOUSTON_8,Gas,11,0.0
HOUSTON_8,Gas,12,0.0
HOUSTON_8,Gas,13,0.0
HOUSTON_8,Gas,14,0.0
HOUSTON_8,Gas,15,0.0
HOUSTON_8,Gas,16,0.0
HOUSTON_8,Gas,17,0.0
HOUSTON_8,Gas,18,0.0
HOUSTON_8,Gas,19,0.0
HOUSTON_8,Gas,20,0.0
HOUSTON_8,Gas,21,0.0
HOUSTON_8,Gas,22,0.0
HOUSTON_8,Gas,23,0.0
HOUSTON_8,Gas,24,0.0
HOUSTON_9,Gas,1,1182.809907436394
HOUSTON_9,Gas,2,1182.809907436394
HOUSTON_9,Gas,3,1182.809907436394
HOUSTON_9,Gas,4,1182.809907436394
HOUSTON_9,Gas,5,1182.809907436394
HOUSTON_9,Gas,6,1182.809907436394
HOUSTON_9,Gas,7,1182.809907436394
HOUSTON_9,Gas,8,1182.809907436394
HOUSTON_9,Gas,9,1182.809907436394
HOUSTON_9,Gas,10,1182.809907436394
HOUSTON_9,Gas,11,1182.809907436394
HOUSTON_9,Gas,12,1182.809907436394
HOUSTON_9,Gas,13,1182.809907436394
HOUSTON_9,Gas,14,1182.809907436394
HOUSTON_9,Gas,15,1182.809907436394
HOUSTON_9,Gas,16,1182.809907436394
HOUSTON_9,Gas,17,1182.809907436394
HOUSTON_9,Gas,18,1182.809907436394
HOUSTON_9,Gas,19,1182.809907436394
HOUSTON_9,Gas,20,1182.809907436394
HOUSTON_9,Gas,21,1182.809907436394
HOUSTON_9,Gas,22,1182.809907436394
HOUSTON_9,Gas,23,1182.809907436394
HOUSTON_9,Gas,24,1182.809907436394
WILLIS,Gas,1,0.0
WILLIS,Gas,2,0.0
WILLIS,Gas,3,0.0
WILLIS,Gas,4,0.0
WILLIS,Gas,5,0.0
WILLIS,Gas,6,0.0
WILLIS,Gas,7,0.0
WILLIS,Gas,8,0.0
WILLIS,Gas,9,0.0
WILLIS,Gas,10,0.0
WILLIS,Gas,11,0.0
WILLIS,Gas,12,0.0
WILLIS,Gas,13,0.0
WILLIS,Gas,14,0.0
WILLIS,Gas,15,0.0
WILLIS,Gas,16,0.0
WILLIS,Gas,17,0.0
WILLIS,Gas,18,0.0
WILLIS,Gas,19,0.0
WILLIS,Gas,20,0.0
WILLIS,Gas,21,0.0
WILLIS,Gas,22,0.0
WILLIS,Gas,23,0.0
WILLIS,Gas,24,0.0
SHIRO,Gas,1,0.0
SHIRO,Gas,2,0.0
SHIRO,Gas,3,0.0
SHIRO,Gas,4,0.0
SHIRO,Gas,5,0.0
SHIRO,Gas,6,0.0
SHIRO,Gas,7,0.0
SHIRO,Gas,8,0.0
SHIRO,Gas,9,0.0
SHIRO,Gas,10,0.0
SHIRO,Gas,11,0.0
SHIRO,Gas,12,0.0
SHIRO,Gas,13,0.0
SHIRO,Gas,14,0.0
SHIRO,Gas,15,0.0
SHIRO,Gas,16,0.0
SHIRO,Gas,17,0.0
SHIRO,Gas,18,0.0
SHIRO,Gas,19,0.0
SHIRO,Gas,20,0.0
SHIRO,Gas,21,0.0
SHIRO,Gas,22,0.0
SHIRO,Gas,23,0.0
SHIRO,Gas,24,0.0
BRYAN,Gas,1,218.09990743639392
BRYAN,Gas,2,218.09990743639392
BRYAN,Gas,3,218.09990743639392
BRYAN,Gas,4,218.09990743639392
BRYAN,Gas,5,218.09990743639392
BRYAN,Gas,6,218.09990743639392
BRYAN,Gas,7,218.09990743639392
BRYAN,Gas,8,218.09990743639392
BRYAN,Gas,9,218.09990743639392
BRYAN,Gas,10,218.09990743639392
BRYAN,Gas,11,218.09990743639392
BRYAN,Gas,12,218.09990743639392
BRYAN,Gas,13,218.09990743639392
BRYAN,Gas,14,218.09990743639392
BRYAN,Gas,15,218.09990743639392
BRYAN,Gas,16,218.09990743639392
BRYAN,Gas,17,218.09990743639392
BRYAN,Gas,18,218.09990743639392
BRYAN,Gas,19,218.09990743639392
BRYAN,Gas,20,218.09990743639392
BRYAN,Gas,21,218.09990743639392
BRYAN,Gas,22,218.09990743639392
BRYAN,Gas,23,218.09990743639392
BRYAN,Gas,24,218.09990743639392
BAYTOWN_10,Gas,1,0.0
BAYTOWN_10,Gas,2,0.0
BAYTOWN_10,Gas,3,0.0
BAYTOWN_10,Gas,4,0.0
BAYTOWN_10,Gas,5,0.0
BAYTOWN_10,Gas,6,0.0
BAYTOWN_10,Gas,7,0.0
BAYTOWN_10,Gas,8,0.0
BAYTOWN_10,Gas,9,0.0
BAYTOWN_10,Gas,10,0.0
BAYTOWN_10,Gas,11,0.0
BAYTOWN_10,Gas,12,0.0
BAYTOWN_10,Gas,13,0.0
BAYTOWN_10,Gas,14,0.0
BAYTOWN_10,Gas,15,0.0
BAYTOWN_10,Gas,16,0.0
BAYTOWN_10,Gas,17,0.0
BAYTOWN_10,Gas,18,0.0
BAYTOWN_10,Gas,19,0.0
BAYTOWN_10,Gas,20,0.0
BAYTOWN_10,Gas,21,0.0
BAYTOWN_10,Gas,22,0.0
BAYTOWN_10,Gas,23,0.0
BAYTOWN_10,Gas,24,0.0
PASADENA_11,Gas,1,0.7856959554775216
PASADENA_11,Gas,2,74.19489473522745
PASADENA_11,Gas,3,88.07592562635878
PASADENA_11,Gas,4,130.8576583866884
PASADENA_11,Gas,5,334.81117800673917
PASADENA_11,Gas,6,672.2952024340367
PASADENA_11,Gas,7,750.6999074363939
PASADENA_11,Gas,8,750.6999074363939
PASADENA_11,Gas,9,750.6999074363939
PASADENA_11,Gas,10,750.6999074363939
PASADENA_11,Gas,11,750.6999074363939
PASADENA_11,Gas,12,750.6999074363939
PASADENA_11,Gas,13,750.6999074363939
PASADENA_11,Gas,14,750.6999074363939
PASADENA_11,Gas,15,750.6999074363939
PASADENA_11,Gas,16,750.6999074363939
PASADENA_11,Gas,17,750.6999074363939
PASADENA_11,Gas,18,750.6999074363939
PASADENA_11,Gas,19,750.6999074363939
PASADENA_11,Gas,20,750.6999074363939
PASADENA_11,Gas,21,750.6999074363939
PASADENA_11,Gas,22,750.6999074363939
PASADENA_11,Gas,23,750.6999074363939
PASADENA_11,Gas,24,750.6999074363939
NEWGULF,Gas,1,0.0
NEWGULF,Gas,2,0.0
NEWGULF,Gas,3,0.0
NEWGULF,Gas,4,0.0
NEWGULF,Gas,5,0.0
NEWGULF,Gas,6,0.0
NEWGULF,Gas,7,0.0
NEWGULF,Gas,8,0.0
NEWGULF,Gas,9,0.0
NEWGULF,Gas,10,0.0
NEWGULF,Gas,11,0.0
NEWGULF,Gas,12,0.0
NEWGULF,Gas,13,0.0
NEWGULF,Gas,14,0.0
NEWGULF,Gas,15,0.0
NEWGULF,Gas,16,0.0
NEWGULF,Gas,17,0.0
NEWGULF,Gas,18,0.0
NEWGULF,Gas,19,0.0
NEWGULF,Gas,20,0.0
NEWGULF,Gas,21,0.0
NEWGULF,Gas,22,0.0
NEWGULF,Gas,23,0.0
NEWGULF,Gas,24,0.0
THOMPSONS,Gas,1,0.0
THOMPSONS,Gas,2,0.0
THOMPSONS,Gas,3,0.0
THOMPSONS,Gas,4,0.0
THOMPSONS,Gas,5,0.0
THOMPSONS,Gas,6,0.0
THOMPSONS,Gas,7,0.0
THOMPSONS,Gas,8,0.0
THOMPSONS,Gas,9,0.0
THOMPSONS,Gas,10,0.0
THOMPSONS,Gas,11,0.0
THOMPSONS,Gas,12,0.0
THOMPSONS,Gas,13,0.0
THOMPSONS,Gas,14,0.0
THOMPSONS,Gas,15,0.0
THOMPSONS,Gas,16,0.0
THOMPSONS,Gas,17,0.0
THOMPSONS,Gas,18,0.0
THOMPSONS,Gas,19,0.0
THOMPSONS,Gas,20,0.0
THOMPSONS,Gas,21,0.0
THOMPSONS,Gas,22,0.0
THOMPSONS,Gas,23,0.0
THOMPSONS,Gas,24,0.0
FAIRFIELD,Gas,1,0.0
FAIRFIELD,Gas,2,0.0
FAIRFIELD,Gas,3,0.0
FAIRFIELD,Gas,4,0.0
FAIRFIELD,Gas,5,0.0
FAIRFIELD,Gas,6,0.0
FAIRFIELD,Gas,7,0.0
FAIRFIELD,Gas,8,0.0
FAIRFIELD,Gas,9,0.0
FAIRFIELD,Gas,10,0.0
FAIRFIELD,Gas,11,0.0
FAIRFIELD,Gas,12,0.0
FAIRFIELD,Gas,13,0.0
FAIRFIELD,Gas,14,0.0
FAIRFIELD,Gas,15,0.0
FAIRFIELD,Gas,16,0.0
FAIRFIELD,Gas,17,0.0
FAIRFIELD,Gas,18,0.0
FAIRFIELD,Gas,19,0.0
FAIRFIELD,Gas,20,0.0
FAIRFIELD,Gas,21,0.0
FAIRFIELD,Gas,22,0.0
FAIRFIELD,Gas,23,0.0
FAIRFIELD,Gas,24,0.0
bus_4002_HYDRO,Hydro,1,0.0
bus_4002_HYDRO,Hydro,2,0.0
bus_4002_HYDRO,Hydro,3,0.0
bus_4002_HYDRO,Hydro,4,0.0
bus_4002_HYDRO,Hydro,5,0.0
bus_4002_HYDRO,Hydro,6,0.0
bus_4002_HYDRO,Hydro,7,0.0
bus_4002_HYDRO,Hydro,8,0.0
bus_4002_HYDRO,Hydro,9,0.0
bus_4002_HYDRO,Hydro,10,0.0
bus_4002_HYDRO,Hydro,11,0.0
bus_4002_HYDRO,Hydro,12,0.0
bus_4002_HYDRO,Hydro,13,0.0
bus_4002_HYDRO,Hydro,14,0.0
bus_4002_HYDRO,Hydro,15,0.0
bus_4002_HYDRO,Hydro,16,0.0
bus_4002_HYDRO,Hydro,17,0.0
bus_4002_HYDRO,Hydro,18,51.1210411448145
bus_4002_HYDRO,Hydro,19,75.6
bus_4002_HYDRO,Hydro,20,75.6
bus_4002_HYDRO,Hydro,21,75.6
bus_4002_HYDRO,Hydro,22,2.4716266310768873
bus_4002_HYDRO,Hydro,23,0.0
bus_4002_HYDRO,Hydro,24,0.0
bus_4040_HYDRO,Hydro,1,0.0
bus_4040_HYDRO,Hydro,2,0.0
bus_4040_HYDRO,Hydro,3,0.0
bus_4040_HYDRO,Hydro,4,0.0
bus_4040_HYDRO,Hydro,5,0.0
bus_4040_HYDRO,Hydro,6,0.0
bus_4040_HYDRO,Hydro,7,0.0
bus_4040_HYDRO,Hydro,8,0.0
bus_4040_HYDRO,Hydro,9,0.0
bus_4040_HYDRO,Hydro,10,0.0
bus_4040_HYDRO,Hydro,11,0.0
bus_4040_HYDRO,Hydro,12,0.0
bus_4040_HYDRO,Hydro,13,0.0
bus_4040_HYDRO,Hydro,14,0.0
bus_4040_HYDRO,Hydro,15,0.0
bus_4040_HYDRO,Hydro,16,0.0
bus_4040_HYDRO,Hydro,17,0.0
bus_4040_HYDRO,Hydro,18,30.467836876061156
bus_4040_HYDRO,Hydro,19,31.5
bus_4040_HYDRO,Hydro,20,31.5
bus_4040_HYDRO,Hydro,21,31.5
bus_4040_HYDRO,Hydro,22,0.0
bus_4040_HYDRO,Hydro,23,0.0
bus_4040_HYDRO,Hydro,24,0.0
bus_5084_HYDRO,Hydro,1,0.0
bus_5084_HYDRO,Hydro,2,0.0
bus_5084_HYDRO,Hydro,3,0.0
bus_5084_HYDRO,Hydro,4,0.0
bus_5084_HYDRO,Hydro,5,0.0
bus_5084_HYDRO,Hydro,6,0.0
bus_5084_HYDRO,Hydro,7,97.86569390349135
bus_5084_HYDRO,Hydro,8,101.6
bus_5084_HYDRO,Hydro,9,0.0
bus_5084_HYDRO,Hydro,10,0.0
bus_5084_HYDRO,Hydro,11,0.0
bus_5084_HYDRO,Hydro,12,0.0
bus_5084_HYDRO,Hydro,13,0.0
bus_5084_HYDRO,Hydro,14,0.0
bus_5084_HYDRO,Hydro,15,0.0
bus_5084_HYDRO,Hydro,16,0.0
bus_5084_HYDRO,Hydro,17,0.0
bus_5084_HYDRO,Hydro,18,61.998567259103204
bus_5084_HYDRO,Hydro,19,101.6
bus_5084_HYDRO,Hydro,20,101.6
bus_5084_HYDRO,Hydro,21,101.6
bus_5084_HYDRO,Hydro,22,0.0
bus_5084_HYDRO,Hydro,23,0.0
bus_5084_HYDRO,Hydro,24,0.0
bus_5323_HYDRO,Hydro,1,0.3204622503961967
bus_5323_HYDRO,Hydro,2,0.0
bus_5323_HYDRO,Hydro,3,0.0
bus_5323_HYDRO,Hydro,4,1.3
bus_5323_HYDRO,Hydro,5,0.0
bus_5323_HYDRO,Hydro,6,0.0
bus_5323_HYDRO,Hydro,7,1.3
bus_5323_HYDRO,Hydro,8,0.0
bus_5323_HYDRO,Hydro,9,0.0
bus_5323_HYDRO,Hydro,10,1.3
bus_5323_HYDRO,Hydro,11,1.3
bus_5323_HYDRO,Hydro,12,0.0
bus_5323_HYDRO,Hydro,13,0.0
bus_5323_HYDRO,Hydro,14,0.0
bus_5323_HYDRO,Hydro,15,0.0
bus_5323_HYDRO,Hydro,16,0.0
bus_5323_HYDRO,Hydro,17,0.0
bus_5323_HYDRO,Hydro,18,0.0
bus_5323_HYDRO,Hydro,19,0.0
bus_5323_HYDRO,Hydro,20,0.0
bus_5323_HYDRO,Hydro,21,0.0
bus_5323_HYDRO,Hydro,22,0.0
bus_5323_HYDRO,Hydro,23,0.0
bus_5323_HYDRO,Hydro,24,0.0
bus_5385_HYDRO,Hydro,1,0.0
bus_5385_HYDRO,Hydro,2,0.0
bus_5385_HYDRO,Hydro,3,0.0
bus_5385_HYDRO,Hydro,4,0.0
bus_5385_HYDRO,Hydro,5,0.0
bus_5385_HYDRO,Hydro,6,0.0
bus_5385_HYDRO,Hydro,7,0.0
bus_5385_HYDRO,Hydro,8,0.0
bus_5385_HYDRO,Hydro,9,0.0
bus_5385_HYDRO,Hydro,10,0.0
bus_5385_HYDRO,Hydro,11,0.0
bus_5385_HYDRO,Hydro,12,0.0
bus_5385_HYDRO,Hydro,13,0.0
bus_5385_HYDRO,Hydro,14,0.0
bus_5385_HYDRO,Hydro,15,0.0
bus_5385_HYDRO,Hydro,16,0.0
bus_5385_HYDRO,Hydro,17,0.0
bus_5385_HYDRO,Hydro,18,0.0
bus_5385_HYDRO,Hydro,19,0.0
bus_5385_HYDRO,Hydro,20,0.0
bus_5385_HYDRO,Hydro,21,0.0
bus_5385_HYDRO,Hydro,22,0.0
bus_5385_HYDRO,Hydro,23,0.0
bus_5385_HYDRO,Hydro,24,0.0
bus_5465_HYDRO,Hydro,1,0.0
bus_5465_HYDRO,Hydro,2,0.0
bus_5465_HYDRO,Hydro,3,0.0
bus_5465_HYDRO,Hydro,4,0.0
bus_5465_HYDRO,Hydro,5,0.0
bus_5465_HYDRO,Hydro,6,0.0
bus_5465_HYDRO,Hydro,7,0.0
bus_5465_HYDRO,Hydro,8,0.0
bus_5465_HYDRO,Hydro,9,0.0
bus_5465_HYDRO,Hydro,10,0.0
bus_5465_HYDRO,Hydro,11,0.0
bus_5465_HYDRO,Hydro,12,0.7174455784469194
bus_5465_HYDRO,Hydro,13,2.8
bus_5465_HYDRO,Hydro,14,2.8
bus_5465_HYDRO,Hydro,15,0.0
bus_5465_HYDRO,Hydro,16,0.0
bus_5465_HYDRO,Hydro,17,2.8
bus_5465_HYDRO,Hydro,18,2.8
bus_5465_HYDRO,Hydro,19,2.8
bus_5465_HYDRO,Hydro,20,2.8
bus_5465_HYDRO,Hydro,21,2.8
bus_5465_HYDRO,Hydro,22,2.8
bus_5465_HYDRO,Hydro,23,2.8
bus_5465_HYDRO,Hydro,24,2.8
bus_6018_HYDRO,Hydro,1,0.0
bus_6018_HYDRO,Hydro,2,0.0
bus_6018_HYDRO,Hydro,3,0.0
bus_6018_HYDRO,Hydro,4,0.0
bus_6018_HYDRO,Hydro,5,0.0
bus_6018_HYDRO,Hydro,6,0.0
bus_6018_HYDRO,Hydro,7,0.0
bus_6018_HYDRO,Hydro,8,0.0
bus_6018_HYDRO,Hydro,9,0.0
bus_6018_HYDRO,Hydro,10,0.0
bus_6018_HYDRO,Hydro,11,0.0
bus_6018_HYDRO,Hydro,12,289.9026000409994
bus_6018_HYDRO,Hydro,13,165.0711931704652
bus_6018_HYDRO,Hydro,14,299.1
bus_6018_HYDRO,Hydro,15,0.0
bus_6018_HYDRO,Hydro,16,0.0
bus_6018_HYDRO,Hydro,17,0.0
bus_6018_HYDRO,Hydro,18,299.1
bus_6018_HYDRO,Hydro,19,299.1
bus_6018_HYDRO,Hydro,20,299.1
bus_6018_HYDRO,Hydro,21,299.1
bus_6018_HYDRO,Hydro,22,299.1
bus_6018_HYDRO,Hydro,23,32.05556778105216
bus_6018_HYDRO,Hydro,24,0.0
bus_6147_HYDRO,Hydro,1,0.0
bus_6147_HYDRO,Hydro,2,0.0
bus_6147_HYDRO,Hydro,3,0.0
bus_6147_HYDRO,Hydro,4,0.0
bus_6147_HYDRO,Hydro,5,0.0
bus_6147_HYDRO,Hydro,6,0.0
bus_6147_HYDRO,Hydro,7,0.0
bus_6147_HYDRO,Hydro,8,0.0
bus_6147_HYDRO,Hydro,9,0.9565440333990409
bus_6147_HYDRO,Hydro,10,10.0
bus_6147_HYDRO,Hydro,11,10.0
bus_6147_HYDRO,Hydro,12,10.0
bus_6147_HYDRO,Hydro,13,10.0
bus_6147_HYDRO,Hydro,14,10.0
bus_6147_HYDRO,Hydro,15,10.0
bus_6147_HYDRO,Hydro,16,10.0
bus_6147_HYDRO,Hydro,17,10.0
bus_6147_HYDRO,Hydro,18,10.0
bus_6147_HYDRO,Hydro,19,10.0
bus_6147_HYDRO,Hydro,20,10.0
bus_6147_HYDRO,Hydro,21,10.0
bus_6147_HYDRO,Hydro,22,10.0
bus_6147_HYDRO,Hydro,23,10.0
bus_6147_HYDRO,Hydro,24,10.0
bus_7098_HYDRO,Hydro,1,0.0
bus_7098_HYDRO,Hydro,2,0.0
bus_7098_HYDRO,Hydro,3,0.0
bus_7098_HYDRO,Hydro,4,0.0
bus_7098_HYDRO,Hydro,5,0.0
bus_7098_HYDRO,Hydro,6,0.0
bus_7098_HYDRO,Hydro,7,0.0
bus_7098_HYDRO,Hydro,8,0.0
bus_7098_HYDRO,Hydro,9,0.0
bus_7098_HYDRO,Hydro,10,0.0
bus_7098_HYDRO,Hydro,11,0.0
bus_7098_HYDRO,Hydro,12,0.0
bus_7098_HYDRO,Hydro,13,0.0
bus_7098_HYDRO,Hydro,14,0.0
bus_7098_HYDRO,Hydro,15,0.0
bus_7098_HYDRO,Hydro,16,0.0
bus_7098_HYDRO,Hydro,17,0.0
bus_7098_HYDRO,Hydro,18,0.0
bus_7098_HYDRO,Hydro,19,0.0
bus_7098_HYDRO,Hydro,20,0.0
bus_7098_HYDRO,Hydro,21,0.0
bus_7098_HYDRO,Hydro,22,0.0
bus_7098_HYDRO,Hydro,23,0.0
bus_7098_HYDRO,Hydro,24,0.0
bus_1001_SOLAR,Solar,1,0.0
bus_1001_SOLAR,Solar,2,0.0
bus_1001_SOLAR,Solar,3,0.0
bus_1001_SOLAR,Solar,4,0.0
bus_1001_SOLAR,Solar,5,0.0
bus_1001_SOLAR,Solar,6,0.0
bus_1001_SOLAR,Solar,7,0.0
bus_1001_SOLAR,Solar,8,0.0
bus_1001_SOLAR,Solar,9,0.30894204937953873
bus_1001_SOLAR,Solar,10,8.650377382627605
bus_1001_SOLAR,Solar,11,22.552769604707684
bus_1001_SOLAR,Solar,12,42.01611871561977
bus_1001_SOLAR,Solar,13,63.0241780734297
bus_1001_SOLAR,Solar,14,77.23551234488934
bus_1001_SOLAR,Solar,15,61.47946782653191
bus_1001_SOLAR,Solar,16,48.194959703210934
bus_1001_SOLAR,Solar,17,26.87795829602149
bus_1001_SOLAR,Solar,18,11.739797876423154
bus_1001_SOLAR,Solar,19,2.162594345656901
bus_1001_SOLAR,Solar,20,0.0
bus_1001_SOLAR,Solar,21,0.0
bus_1001_SOLAR,Solar,22,0.0
bus_1001_SOLAR,Solar,23,0.0
bus_1001_SOLAR,Solar,24,0.0
bus_4002_SOLAR,Solar,1,0.0
bus_4002_SOLAR,Solar,2,0.0
bus_4002_SOLAR,Solar,3,0.0
bus_4002_SOLAR,Solar,4,0.0
bus_4002_SOLAR,Solar,5,0.0
bus_4002_SOLAR,Solar,6,0.0
bus_4002_SOLAR,Solar,7,0.0
bus_4002_SOLAR,Solar,8,0.0
bus_4002_SOLAR,Solar,9,0.05065882051938084
bus_4002_SOLAR,Solar,10,1.418446974542661
bus_4002_SOLAR,Solar,11,3.698093897914801
bus_4002_SOLAR,Solar,12,6.889599590635794
bus_4002_SOLAR,Solar,13,10.334399385953695
bus_4002_SOLAR,Solar,14,12.664705129845212
bus_4002_SOLAR,Solar,15,10.081105283356791
bus_4002_SOLAR,Solar,16,7.902776001023411
bus_4002_SOLAR,Solar,17,4.407317385186133
bus_4002_SOLAR,Solar,18,1.925035179736472
bus_4002_SOLAR,Solar,19,0.35461174363566583
bus_4002_SOLAR,Solar,20,0.0
bus_4002_SOLAR,Solar,21,0.0
bus_4002_SOLAR,Solar,22,0.0
bus_4002_SOLAR,Solar,23,0.0
bus_4002_SOLAR,Solar,24,0.0
bus_6018_SOLAR,Solar,1,0.0
bus_6018_SOLAR,Solar,2,0.0
bus_6018_SOLAR,Solar,3,0.0
bus_6018_SOLAR,Solar,4,0.0
bus_6018_SOLAR,Solar,5,0.0
bus_6018_SOLAR,Solar,6,0.0
bus_6018_SOLAR,Solar,7,0.0
bus_6018_SOLAR,Solar,8,0.0
bus_6018_SOLAR,Solar,9,0.13061276704618138
bus_6018_SOLAR,Solar,10,3.65715747729308
bus_6018_SOLAR,Solar,11,9.53473199437124
bus_6018_SOLAR,Solar,12,17.763336318280672
bus_6018_SOLAR,Solar,13,26.645004477421
bus_6018_SOLAR,Solar,14,32.653191761545344
bus_6018_SOLAR,Solar,15,25.99194064219009
bus_6018_SOLAR,Solar,16,20.375591659204296
bus_6018_SOLAR,Solar,17,11.363310733017778
bus_6018_SOLAR,Solar,18,4.963285147754894
bus_6018_SOLAR,Solar,19,0.9142893693232701
bus_6018_SOLAR,Solar,20,0.0
bus_6018_SOLAR,Solar,21,0.0
bus_6018_SOLAR,Solar,22,0.0
bus_6018_SOLAR,Solar,23,0.0
bus_6018_SOLAR,Solar,24,0.0
bus_7098_SOLAR,Solar,1,0.0
bus_7098_SOLAR,Solar,2,0.0
bus_7098_SOLAR,Solar,3,0.0
bus_7098_SOLAR,Solar,4,0.0
bus_7098_SOLAR,Solar,5,0.0
bus_7098_SOLAR,Solar,6,0.0
bus_7098_SOLAR,Solar,7,0.0
bus_7098_SOLAR,Solar,8,0.0
bus_7098_SOLAR,Solar,9,0.08084943072790073
bus_7098_SOLAR,Solar,10,2.2637840603812203
bus_7098_SOLAR,Solar,11,5.9020084431367525
bus_7098_SOLAR,Solar,12,10.995522578994498
bus_7098_SOLAR,Solar,13,16.493283868491744
bus_7098_SOLAR,Solar,14,20.212357681975178
bus_7098_SOLAR,Solar,15,16.08903671485224
bus_7098_SOLAR,Solar,16,12.61251119355251
bus_7098_SOLAR,Solar,17,7.033900473327362
bus_7098_SOLAR,Solar,18,3.072278367660228
bus_7098_SOLAR,Solar,19,0.5659460150953051
bus_7098_SOLAR,Solar,20,0.0
bus_7098_SOLAR,Solar,21,0.0
bus_7098_SOLAR,Solar,22,0.0
bus_7098_SOLAR,Solar,23,0.0
bus_7098_SOLAR,Solar,24,0.0
bus_7127_SOLAR,Solar,1,0.0
bus_7127_SOLAR,Solar,2,0.0
bus_7127_SOLAR,Solar,3,0.0
bus_7127_SOLAR,Solar,4,0.0
bus_7127_SOLAR,Solar,5,0.0
bus_7127_SOLAR,Solar,6,0.0
bus_7127_SOLAR,Solar,7,0.0
bus_7127_SOLAR,Solar,8,0.0
bus_7127_SOLAR,Solar,9,0.2268133555072278
bus_7127_SOLAR,Solar,10,6.3507739542023804
bus_7127_SOLAR,Solar,11,16.55737495202763
bus_7127_SOLAR,Solar,12,30.846616348982987
bus_7127_SOLAR,Solar,13,46.26992452347447
bus_7127_SOLAR,Solar,14,56.70333887680695
bus_7127_SOLAR,Solar,15,45.13585774593834
bus_7127_SOLAR,Solar,16,35.38288345912755
bus_7127_SOLAR,Solar,17,19.73276192912882
bus_7127_SOLAR,Solar,18,8.618907509274656
bus_7127_SOLAR,Solar,19,1.5876934885505951
bus_7127_SOLAR,Solar,20,0.0
bus_7127_SOLAR,Solar,21,0.0
bus_7127_SOLAR,Solar,22,0.0
bus_7127_SOLAR,Solar,23,0.0
bus_7127_SOLAR,Solar,24,0.0
bus_7170_SOLAR,Solar,1,0.0
bus_7170_SOLAR,Solar,2,0.0
bus_7170_SOLAR,Solar,3,0.0
bus_7170_SOLAR,Solar,4,0.0
bus_7170_SOLAR,Solar,5,0.0
bus_7170_SOLAR,Solar,6,0.0
bus_7170_SOLAR,Solar,7,0.0
bus_7170_SOLAR,Solar,8,0.0
bus_7170_SOLAR,Solar,9,0.05628757835486759
bus_7170_SOLAR,Solar,10,1.5760521939362926
bus_7170_SOLAR,Solar,11,4.108993219905334
bus_7170_SOLAR,Solar,12,7.655110656261993
bus_7170_SOLAR,Solar,13,11.482665984392991
bus_7170_SOLAR,Solar,14,14.071894588716898
bus_7170_SOLAR,Solar,15,11.201228092618651
bus_7170_SOLAR,Solar,16,8.780862223359344
bus_7170_SOLAR,Solar,17,4.8970193168734815
bus_7170_SOLAR,Solar,18,2.1389279774849683
bus_7170_SOLAR,Solar,19,0.3940130484840732
bus_7170_SOLAR,Solar,20,0.0
bus_7170_SOLAR,Solar,21,0.0
bus_7170_SOLAR,Solar,22,0.0
bus_7170_SOLAR,Solar,23,0.0
bus_7170_SOLAR,Solar,24,0.0
bus_8060_SOLAR,Solar,1,0.0
bus_8060_SOLAR,Solar,2,0.0
bus_8060_SOLAR,Solar,3,0.0
bus_8060_SOLAR,Solar,4,0.0
bus_8060_SOLAR,Solar,5,0.0
bus_8060_SOLAR,Solar,6,0.0
bus_8060_SOLAR,Solar,7,0.0
bus_8060_SOLAR,Solar,8,0.0
bus_8060_SOLAR,Solar,9,0.1458359984648842
bus_8060_SOLAR,Solar,10,4.0834079570167585
bus_8060_SOLAR,Solar,11,10.646027887936548
bus_8060_SOLAR,Solar,12,19.83369579122425
bus_8060_SOLAR,Solar,13,29.75054368683638
bus_8060_SOLAR,Solar,14,36.45899961622105
bus_8060_SOLAR,Solar,15,29.02136369451196
bus_8060_SOLAR,Solar,16,22.750415760521932
bus_8060_SOLAR,Solar,17,12.687731866444926
bus_8060_SOLAR,Solar,18,5.541767941665599
bus_8060_SOLAR,Solar,19,1.0208519892541894
bus_8060_SOLAR,Solar,20,0.0
bus_8060_SOLAR,Solar,21,0.0
bus_8060_SOLAR,Solar,22,0.0
bus_8060_SOLAR,Solar,23,0.0
bus_8060_SOLAR,Solar,24,0.0
bus_1001_WIND,Wind,1,1814.0675311116504
bus_1001_WIND,Wind,2,1812.0488528286303
bus_1001_WIND,Wind,3,1816.0182489030387
bus_1001_WIND,Wind,4,1826.1813760823197
bus_1001_WIND,Wind,5,1845.633701024998
bus_1001_WIND,Wind,6,1877.9376590431518
bus_1001_WIND,Wind,7,1920.3925924709195
bus_1001_WIND,Wind,8,1942.9503492604372
bus_1001_WIND,Wind,9,1953.3975369729221
bus_1001_WIND,Wind,10,1779.4828695916406
bus_1001_WIND,Wind,11,1531.2745578921426
bus_1001_WIND,Wind,12,1310.6449474925887
bus_1001_WIND,Wind,13,1149.3001643772686
bus_1001_WIND,Wind,14,1032.043781299274
bus_1001_WIND,Wind,15,946.1183037797199
bus_1001_WIND,Wind,16,862.2565386023385
bus_1001_WIND,Wind,17,739.7470695624503
bus_1001_WIND,Wind,18,655.3224737462942
bus_1001_WIND,Wind,19,610.2960226443445
bus_1001_WIND,Wind,20,550.4483647213364
bus_1001_WIND,Wind,21,521.3687817179937
bus_1001_WIND,Wind,22,522.1192225696927
bus_1001_WIND,Wind,23,497.35467446362037
bus_1001_WIND,Wind,24,455.32998676846734
bus_2008_WIND,Wind,1,441.30227528958085
bus_2008_WIND,Wind,2,440.26772338441714
bus_2008_WIND,Wind,3,441.2248339739171
bus_2008_WIND,Wind,4,443.6260970152077
bus_2008_WIND,Wind,5,447.6191875537447
bus_2008_WIND,Wind,6,453.4202597143171
bus_2008_WIND,Wind,7,459.0547151132574
bus_2008_WIND,Wind,8,464.0136213984098
bus_2008_WIND,Wind,9,465.5176980856008
bus_2008_WIND,Wind,10,476.2832497597361
bus_2008_WIND,Wind,11,479.0031243509556
bus_2008_WIND,Wind,12,468.7964527482625
bus_2008_WIND,Wind,13,468.21136065530743
bus_2008_WIND,Wind,14,466.77261794681795
bus_2008_WIND,Wind,15,457.7148449183018
bus_2008_WIND,Wind,16,417.14404664773264
bus_2008_WIND,Wind,17,357.8761914560508
bus_2008_WIND,Wind,18,317.03310594876615
bus_2008_WIND,Wind,19,295.2501270115479
bus_2008_WIND,Wind,20,266.2969175074951
bus_2008_WIND,Wind,21,252.2287436105415
bus_2008_WIND,Wind,22,252.59179325949518
bus_2008_WIND,Wind,23,240.611154844025
bus_2008_WIND,Wind,24,220.28037450262119
bus_3006_WIND,Wind,1,766.8042094646089
bus_3006_WIND,Wind,2,763.2789023877381
bus_3006_WIND,Wind,3,765.5402234385635
bus_3006_WIND,Wind,4,771.1162989760322
bus_3006_WIND,Wind,5,778.5643024928826
bus_3006_WIND,Wind,6,789.997439900317
bus_3006_WIND,Wind,7,808.3507461053767
bus_3006_WIND,Wind,8,815.655738464219
bus_3006_WIND,Wind,9,816.6989233646871
bus_3006_WIND,Wind,10,859.4064865697469
bus_3006_WIND,Wind,11,892.8155304669106
bus_3006_WIND,Wind,12,837.4354274885691
bus_3006_WIND,Wind,13,734.3443213276515
bus_3006_WIND,Wind,14,659.423459292101
bus_3006_WIND,Wind,15,604.5214515924497
bus_3006_WIND,Wind,16,550.9380510646238
bus_3006_WIND,Wind,17,472.66073440988083
bus_3006_WIND,Wind,18,418.71771374428454
bus_3006_WIND,Wind,19,389.94810272263305
bus_3006_WIND,Wind,20,351.7084947396881
bus_3006_WIND,Wind,21,333.12812095487163
bus_3006_WIND,Wind,22,333.60761447189907
bus_3006_WIND,Wind,23,317.7843284099909
bus_3006_WIND,Wind,24,290.9326914564496
bus_4002_WIND,Wind,1,108.85625802047016
bus_4002_WIND,Wind,2,113.96635729285549
bus_4002_WIND,Wind,3,112.44606296103993
bus_4002_WIND,Wind,4,108.94381423853285
bus_4002_WIND,Wind,5,106.22161182240234
bus_4002_WIND,Wind,6,105.36992861033812
bus_4002_WIND,Wind,7,98.28583460344879
bus_4002_WIND,Wind,8,90.47741188349548
bus_4002_WIND,Wind,9,82.87594022441763
bus_4002_WIND,Wind,10,75.4973389385902
bus_4002_WIND,Wind,11,64.9667138025064
bus_4002_WIND,Wind,12,55.60615812598747
bus_4002_WIND,Wind,13,48.76085380472362
bus_4002_WIND,Wind,14,43.78606868752606
bus_4002_WIND,Wind,15,40.14054615364368
bus_4002_WIND,Wind,16,36.58257983782399
bus_4002_WIND,Wind,17,31.38492434737598
bus_4002_WIND,Wind,18,27.80307906299373
bus_4002_WIND,Wind,19,25.89276157798987
bus_4002_WIND,Wind,20,23.353631254172235
bus_4002_WIND,Wind,21,22.119884545107237
bus_4002_WIND,Wind,22,22.151723169857306
bus_4002_WIND,Wind,23,21.101048553105176
bus_4002_WIND,Wind,24,19.318085567101573
bus_4017_WIND,Wind,1,414.5918203765603
bus_4017_WIND,Wind,2,434.0542325352143
bus_4017_WIND,Wind,3,428.264013341596
bus_4017_WIND,Wind,4,414.9252884976587
bus_4017_WIND,Wind,5,404.55746145987115
bus_4017_WIND,Wind,6,401.3137261000954
bus_4017_WIND,Wind,7,374.3331235748586
bus_4017_WIND,Wind,8,344.5938302296257
bus_4017_WIND,Wind,9,315.6427342615345
bus_4017_WIND,Wind,10,287.5404662380575
bus_4017_WIND,Wind,11,247.4333458550369
bus_4017_WIND,Wind,12,211.78257218124088
bus_4017_WIND,Wind,13,185.71142816809072
bus_4017_WIND,Wind,14,166.76437583295245
bus_4017_WIND,Wind,15,152.8799758817632
bus_4017_WIND,Wind,16,139.3290440516723
bus_4017_WIND,Wind,17,119.53316377191993
bus_4017_WIND,Wind,18,105.89128609062044
bus_4017_WIND,Wind,19,98.61561799392736
bus_4017_WIND,Wind,20,88.94504248207281
bus_4017_WIND,Wind,21,84.24617350295854
bus_4017_WIND,Wind,22,84.36743463790343
bus_4017_WIND,Wind,23,80.36581718472223
bus_4017_WIND,Wind,24,73.5751936278087
bus_4040_WIND,Wind,1,1217.0522314553168
bus_4040_WIND,Wind,2,1274.184984642968
bus_4040_WIND,Wind,3,1257.1875456105047
bus_4040_WIND,Wind,4,1218.0311415566632
bus_4040_WIND,Wind,5,1187.5959365875403
bus_4040_WIND,Wind,6,1178.0738110562656
bus_4040_WIND,Wind,7,1098.871084674631
bus_4040_WIND,Wind,8,1011.570102000043
bus_4040_WIND,Wind,9,926.5829068377277
bus_4040_WIND,Wind,10,844.0874828424745
bus_4040_WIND,Wind,11,726.3512951987641
bus_4040_WIND,Wind,12,621.6969061821327
bus_4040_WIND,Wind,13,545.1639346223509
bus_4040_WIND,Wind,14,489.5440425004167
bus_4040_WIND,Wind,15,448.7857855534632
bus_4040_WIND,Wind,16,409.0064387078558
bus_4040_WIND,Wind,17,350.8947754188589
bus_4040_WIND,Wind,18,310.84845309106635
bus_4040_WIND,Wind,19,289.49041451624345
bus_4040_WIND,Wind,20,261.10202157720823
bus_4040_WIND,Wind,21,247.3082883309685
bus_4040_WIND,Wind,22,247.6642556405489
bus_4040_WIND,Wind,23,235.9173344243964
bus_4040_WIND,Wind,24,215.9831650878952
bus_4071_WIND,Wind,1,659.4638637192011
bus_4071_WIND,Wind,2,690.4214390707458
bus_4071_WIND,Wind,3,681.2113193010497
bus_4071_WIND,Wind,4,659.9942894650999
bus_4071_WIND,Wind,5,643.5028708198845
bus_4071_WIND,Wind,6,638.3432749279602
bus_4071_WIND,Wind,7,595.4270100325165
bus_4071_WIND,Wind,8,548.1226776028195
bus_4071_WIND,Wind,9,502.07207875433767
bus_4071_WIND,Wind,10,457.37165453178
bus_4071_WIND,Wind,11,393.57590345686737
bus_4071_WIND,Wind,12,336.86856916805635
bus_4071_WIND,Wind,13,295.3989199432455
bus_4071_WIND,Wind,14,265.26109347172604
bus_4071_WIND,Wind,15,243.17609423339653
bus_4071_WIND,Wind,16,221.62152074096585
bus_4071_WIND,Wind,17,190.13351964352225
bus_4071_WIND,Wind,18,168.43428458402818
bus_4071_WIND,Wind,19,156.86135921896468
bus_4071_WIND,Wind,20,141.47901258790114
bus_4071_WIND,Wind,21,134.0048316229643
bus_4071_WIND,Wind,22,134.19771371238204
bus_4071_WIND,Wind,23,127.83260476159712
bus_4071_WIND,Wind,24,117.03120775420452
bus_5005_WIND,Wind,1,65.44464410048307
bus_5005_WIND,Wind,2,68.51684807185703
bus_5005_WIND,Wind,3,67.60284346355107
bus_5005_WIND,Wind,4,65.49728310933838
bus_5005_WIND,Wind,5,63.86068847038217
bus_5005_WIND,Wind,6,63.34865447515318
bus_5005_WIND,Wind,7,59.08968012231391
bus_5005_WIND,Wind,8,54.39523760530792
bus_5005_WIND,Wind,9,49.82521456377813
bus_5005_WIND,Wind,10,45.38918172660734
bus_5005_WIND,Wind,11,39.05814457064513
bus_5005_WIND,Wind,12,33.43055598756761
bus_5005_WIND,Wind,13,29.315142567970124
bus_5005_WIND,Wind,14,26.324289792099837
bus_5005_WIND,Wind,15,24.1325928779421
bus_5005_WIND,Wind,16,21.99353497263968
bus_5005_WIND,Wind,17,18.868691992410408
bus_5005_WIND,Wind,18,16.715277993783808
bus_5005_WIND,Wind,19,15.566790527849625
bus_5005_WIND,Wind,20,14.040259271045432
bus_5005_WIND,Wind,21,13.298527782629604
bus_5005_WIND,Wind,22,13.31766924039517
bus_5005_WIND,Wind,23,12.68600113413137
bus_5005_WIND,Wind,24,11.614079499259462
bus_5007_WIND,Wind,1,122.70870768840577
bus_5007_WIND,Wind,2,128.46909013473194
bus_5007_WIND,Wind,3,126.75533149415827
bus_5007_WIND,Wind,4,122.80740583000949
bus_5007_WIND,Wind,5,119.7387908819666
bus_5007_WIND,Wind,6,118.77872714091222
bus_5007_WIND,Wind,7,110.79315022933856
bus_5007_WIND,Wind,8,101.99107050995235
bus_5007_WIND,Wind,9,93.422277307084
bus_5007_WIND,Wind,10,85.10471573738876
bus_5007_WIND,Wind,11,73.23402106995964
bus_5007_WIND,Wind,12,62.68229247668929
bus_5007_WIND,Wind,13,54.96589231494397
bus_5007_WIND,Wind,14,49.3580433601872
bus_5007_WIND,Wind,15,45.248611646141434
bus_5007_WIND,Wind,16,41.2378780736994
bus_5007_WIND,Wind,17,35.378797485769525
bus_5007_WIND,Wind,18,31.34114623834465
bus_5007_WIND,Wind,19,29.187732239718045
bus_5007_WIND,Wind,20,26.32548613321019
bus_5007_WIND,Wind,21,24.93473959243051
bus_5007_WIND,Wind,22,24.970629825740954
bus_5007_WIND,Wind,23,23.78625212649632
bus_5007_WIND,Wind,24,21.776399061111494
bus_5262_WIND,Wind,1,5641.470118190524
bus_5262_WIND,Wind,2,5906.3007569649
bus_5262_WIND,Wind,3,5827.511579385607
bus_5262_WIND,Wind,4,5646.007714805039
bus_5262_WIND,Wind,5,5504.929710971962
bus_5262_WIND,Wind,6,5460.791271176235
bus_5262_WIND,Wind,7,5093.658454183724
bus_5262_WIND,Wind,8,4688.987337925688
bus_5262_WIND,Wind,9,4295.04145002923
bus_5262_WIND,Wind,10,3912.645808060626
bus_5262_WIND,Wind,11,3366.896687969514
bus_5262_WIND,Wind,12,2881.7863589996355
bus_5262_WIND,Wind,13,2527.0288055012547
bus_5262_WIND,Wind,14,2269.2108160402217
bus_5262_WIND,Wind,15,2080.2817933631773
bus_5262_WIND,Wind,16,1895.8903673006466
bus_5262_WIND,Wind,17,1626.5221319117609
bus_5262_WIND,Wind,18,1440.8931794998175
bus_5262_WIND,Wind,19,1341.8910715467814
bus_5262_WIND,Wind,20,1210.3007697258706
bus_5262_WIND,Wind,21,1146.3619083395345
bus_5262_WIND,Wind,22,1148.011943472085
bus_5262_WIND,Wind,23,1093.5607840979146
bus_5262_WIND,Wind,24,1001.158816675081
