TSMachine,UnitType,EDMargCostMW,FuelType,BusNum,BusName,ID,Status,MargCostMW,MW,Mvar,VoltSet,AGC,AVR,MWMin,MWMax,MvarMin,MvarMax,CostModel,PartFact,Heat Rate MBTU/MWH
,"W2 (Wind Turbine, Type 2)",0.0,WND (Wind),1004,O DONNELL 1 1,1,Closed,0.0,158.25,-30.38,1.01,NO,YES,63.3,211.0,-30.38,44.94,Cubic,211.0,0.0
,"W2 (Wind Turbine, Type 2)",0.0,WND (Wind),1006,BIG SPRING 5 1,1,Closed,0.0,25.73,-4.35,1.0,NO,YES,10.29,34.3,-4.94,7.31,Cubic,34.3,0.0
,"W2 (Wind Turbine, Type 2)",0.0,WND (Wind),1009,IRAAN 2 1,1,Closed,0.0,61.87,-11.88,1.0,NO,YES,24.75,82.5,-11.88,17.57,Cubic,82.5,0.0
,PV (Photovoltaic),0.0,SUN (Solar),1011,PRESIDIO 1 1,1,Closed,0.0,9.97,0.0,1.0,YES,YES,3.0,10.0,0.0,0.0,Cubic,10.0,0.0
,"W2 (Wind Turbine, Type 2)",0.0,WND (Wind),1021,BIG SPRING 1 1,1,Closed,0.0,149.63,-23.15,1.0,NO,YES,59.85,199.5,-28.73,42.49,Cubic,199.5,0.0
,"W2 (Wind Turbine, Type 2)",0.0,WND (Wind),1023,O DONNELL 2 1,1,Closed,0.0,135.0,2.26,1.01,NO,YES,54.0,180.0,-25.92,38.34,Cubic,180.0,0.0
,"W2 (Wind Turbine, Type 2)",0.0,WND (Wind),1026,BIG SPRINGS 1,1,Closed,0.0,93.15,-3.42,1.0,NO,YES,37.26,124.2,-17.88,26.45,Cubic,124.2,0.0
,"W2 (Wind Turbine, Type 2)",0.0,WND (Wind),1033,MCCAMEY 1 1,1,Closed,0.0,208.5,-40.03,1.0,NO,YES,83.4,278.0,-40.03,59.21,Cubic,278.0,0.0
,"W2 (Wind Turbine, Type 2)",0.0,WND (Wind),1035,BIG SPRING 4 1,1,Closed,0.0,67.5,-6.87,1.0,NO,YES,27.0,90.0,-12.96,19.17,Cubic,90.0,0.0
,"W2 (Wind Turbine, Type 2)",0.0,WND (Wind),1039,FORT STOCKTON 1 1,1,Closed,0.0,110.63,-16.65,1.0,NO,YES,44.25,147.5,-21.24,31.42,Cubic,147.5,0.0
,"W2 (Wind Turbine, Type 2)",0.0,WND (Wind),1042,FORSAN 1,1,Open,0.0,0.0,0.0,1.0,NO,YES,36.57,121.9,-17.55,25.96,Cubic,121.9,0.0
,"W2 (Wind Turbine, Type 2)",0.0,WND (Wind),1043,FORSAN 2,1,Closed,0.0,44.1,-1.16,1.0,NO,YES,17.64,58.8,-8.47,12.52,Cubic,58.8,0.0
GENROU,GT (Gas Turbine),0.0,NG (Natural Gas),1048,MONAHANS 1 1,1,Open,19.26,0.0,0.0,1.0,YES,YES,97.56,325.2,-36.1,165.53,Cubic,325.2,8.2237929094257
GENROU,GT (Gas Turbine),0.0,NG (Natural Gas),1049,MONAHANS 1 2,1,Open,19.26,0.0,0.0,1.0,YES,YES,97.56,325.2,-36.1,165.53,Cubic,325.2,8.2237929094257
GENROU,GT (Gas Turbine),17.73,NG (Natural Gas),1050,MONAHANS 1 3,1,Closed,17.64,89.15,-4.14,1.0,YES,YES,26.82,89.4,-9.92,45.5,Cubic,89.4,7.4574179421805
GENROU,GT (Gas Turbine),17.73,NG (Natural Gas),1051,MONAHANS 1 4,1,Closed,17.64,89.15,-2.88,1.0,YES,YES,26.82,89.4,-9.92,45.5,Cubic,89.4,7.4574179421805
GENROU,GT (Gas Turbine),17.73,NG (Natural Gas),1052,MONAHANS 1 5,1,Closed,17.64,89.15,-7.04,1.0,YES,YES,26.82,89.4,-9.92,45.5,Cubic,89.4,7.4574179421805
GENROU,GT (Gas Turbine),0.0,NG (Natural Gas),1053,MONAHANS 1 6,1,Open,18.25,0.0,0.0,1.0,YES,YES,53.64,178.8,-19.85,91.01,Cubic,178.8,7.7479666936021
,"W2 (Wind Turbine, Type 2)",0.0,WND (Wind),1057,LENORAH 1,1,Open,0.0,0.0,0.0,1.0,NO,YES,36.0,120.0,-17.28,25.56,Cubic,120.0,0.0
GENROU,GT (Gas Turbine),0.0,NG (Natural Gas),1059,IRAAN 3 1,1,Open,17.06,0.0,0.0,1.04,YES,YES,1.68,5.6,-0.62,2.85,Cubic,5.6,7.1837125971837
GENROU,GT (Gas Turbine),0.0,NG (Natural Gas),1060,IRAAN 3 2,1,Open,17.03,0.0,0.0,1.04,YES,YES,0.6,2.0,-0.22,1.02,Cubic,2.0,7.171080042365101
,PV (Photovoltaic),0.0,SUN (Solar),1062,BIG SPRING 6 1,1,Open,0.0,0.0,0.0,1.01,NO,YES,0.45,1.5,0.0,0.0,Cubic,1.5,0.0
,PV (Photovoltaic),0.0,SUN (Solar),1063,BIG SPRING 6 2,1,Open,0.0,0.0,0.0,1.01,NO,YES,69.0,230.0,0.0,0.0,Cubic,230.0,0.0
,"W2 (Wind Turbine, Type 2)",0.0,WND (Wind),1066,BIG SPRING 3 1,1,Closed,0.0,106.88,-0.83,1.0,NO,YES,42.75,142.5,-20.52,30.35,Cubic,142.5,0.0
,"W2 (Wind Turbine, Type 2)",0.0,WND (Wind),1070,IRAAN 1 1,1,Closed,0.0,120.38,25.49,1.04,NO,YES,48.15,160.5,-23.11,34.19,Cubic,160.5,0.0
GENROU,GT (Gas Turbine),18.54,NG (Natural Gas),1072,ODESSA 1 1,1,Closed,18.34,191.59,30.82,1.01,YES,YES,57.64,192.13,-21.33,97.8,Cubic,192.13,7.790075208096401
GENROU,GT (Gas Turbine),18.54,NG (Natural Gas),1073,ODESSA 1 2,1,Closed,18.34,191.59,35.97,1.01,YES,YES,57.64,192.13,-21.33,97.8,Cubic,192.13,7.790075208096401
GENROU,GT (Gas Turbine),18.54,NG (Natural Gas),1074,ODESSA 1 3,1,Closed,18.34,191.59,32.68,1.01,YES,YES,57.64,192.13,-21.33,97.8,Cubic,192.13,7.790075208096401
GENROU,GT (Gas Turbine),18.54,NG (Natural Gas),1075,ODESSA 1 4,1,Closed,18.34,191.59,34.38,1.01,YES,YES,57.64,192.13,-21.33,97.8,Cubic,192.13,7.790075208096401
GENROU,GT (Gas Turbine),0.0,NG (Natural Gas),1076,ODESSA 1 5,1,Open,18.34,0.0,0.0,1.01,YES,YES,57.64,192.13,-21.33,97.8,Cubic,192.13,7.790075208096401
GENROU,GT (Gas Turbine),0.0,NG (Natural Gas),1077,ODESSA 1 6,1,Open,18.34,0.0,0.0,1.01,YES,YES,57.64,192.13,-21.33,97.8,Cubic,192.13,7.790075208096401
GENROU,GT (Gas Turbine),17.78,NG (Natural Gas),1078,ODESSA 1 7,1,Closed,17.68,95.23,18.16,1.01,YES,YES,28.65,95.5,-10.6,48.61,Cubic,95.5,7.478472200211501
GENROU,GT (Gas Turbine),17.78,NG (Natural Gas),1079,ODESSA 1 8,1,Closed,17.68,95.23,-10.6,1.01,YES,YES,28.65,95.5,-10.6,48.61,Cubic,95.5,7.478472200211501
GENROU,GT (Gas Turbine),17.78,NG (Natural Gas),1080,ODESSA 1 9,1,Closed,17.68,95.23,14.9,1.01,YES,YES,28.65,95.5,-10.6,48.61,Cubic,95.5,7.478472200211501
GENROU,GT (Gas Turbine),0.0,NG (Natural Gas),1081,ODESSA 1 10,1,Open,19.0,0.0,0.0,1.01,YES,YES,85.95,286.5,-31.8,145.83,Cubic,286.5,8.0974673643751
,"W2 (Wind Turbine, Type 2)",0.0,WND (Wind),1082,FORT STOCKTON 2 0,1,Closed,0.0,112.5,-21.6,1.0,NO,YES,45.0,150.0,-21.6,31.95,Cubic,150.0,0.0
,"W2 (Wind Turbine, Type 2)",0.0,WND (Wind),1084,BIG SPRING 2 0,1,Closed,0.0,86.62,24.6,1.04,NO,YES,34.65,115.5,-16.63,24.6,Cubic,115.5,0.0
,"W2 (Wind Turbine, Type 2)",0.0,WND (Wind),1088,MCCAMEY 2 0,1,Closed,0.0,56.25,-0.29,1.0,NO,YES,22.5,75.0,-10.8,15.97,Cubic,75.0,0.0
,"W2 (Wind Turbine, Type 2)",0.0,WND (Wind),1090,GOLDSMITH 0,1,Closed,0.0,114.37,31.03,1.02,NO,YES,45.75,152.5,-21.96,32.48,Cubic,152.5,0.0
,"W2 (Wind Turbine, Type 2)",0.0,WND (Wind),1090,GOLDSMITH 0,2,Closed,0.0,27.0,7.67,1.02,NO,YES,10.8,36.0,-5.18,7.67,Cubic,36.0,0.0
GENROU,GT (Gas Turbine),0.0,NG (Natural Gas),2004,SAVOY 2,1,Open,28.58,0.0,0.0,1.02,YES,YES,117.54,391.8,-43.49,199.43,Cubic,391.8,8.4414615390645
GENROU,GT (Gas Turbine),0.0,NG (Natural Gas),2005,SAVOY 3,1,Open,28.58,0.0,0.0,1.02,YES,YES,117.54,391.8,-43.49,199.43,Cubic,391.8,8.4414615390645
GENROU,GT (Gas Turbine),0.0,NG (Natural Gas),2006,SAVOY 4,1,Open,28.58,0.0,0.0,1.02,YES,YES,117.54,391.8,-43.49,199.43,Cubic,391.8,8.4414615390645
,"W2 (Wind Turbine, Type 2)",0.0,WND (Wind),2013,PANHANDLE 2 2,1,Closed,0.0,150.45,-28.89,1.0,NO,YES,60.18,200.6,-28.89,42.73,Cubic,200.6,0.0
,"W2 (Wind Turbine, Type 2)",0.0,WND (Wind),2019,PANHANDLE 4 2,1,Open,0.0,0.0,0.0,1.04,NO,YES,65.4,218.0,-31.39,46.43,Cubic,218.0,0.0
GENROU,GT (Gas Turbine),17.23,NG (Natural Gas),2023,PARIS 2 2,1,Closed,17.14,83.1,18.16,1.02,YES,YES,25.0,83.33,-9.25,42.42,Cubic,83.33,7.436636438866301
GENROU,GT (Gas Turbine),17.87,NG (Natural Gas),2024,PARIS 2 3,1,Closed,17.71,166.2,26.53,1.02,YES,YES,50.0,166.67,-18.5,84.83,Cubic,166.67,7.708866593840101
,"W2 (Wind Turbine, Type 2)",0.0,WND (Wind),2042,PANHANDLE 3 1,1,Closed,0.0,59.7,-11.46,1.01,NO,YES,23.88,79.6,-11.46,16.95,Cubic,79.6,0.0
GENROU,ST (Steam Turbine),0.0,BIT (Bituminous Coal),2056,WICHITA FALLS 1 2,1,Open,17.28,0.0,0.0,0.99,YES,YES,1.8,6.0,-0.73,2.8,Cubic,6.0,9.849038997096
GENROU,ST (Steam Turbine),19.35,BIT (Bituminous Coal),2057,WICHITA FALLS 1 3,1,Closed,18.97,573.57,-47.07,0.99,YES,YES,216.0,720.0,-87.84,335.52,Cubic,720.0,11.221866295554001
,"W2 (Wind Turbine, Type 2)",0.0,WND (Wind),2059,WHITE DEER 1,1,Closed,0.0,60.0,-11.52,1.0,NO,YES,24.0,80.0,-11.52,17.04,Cubic,80.0,0.0
,"W2 (Wind Turbine, Type 2)",0.0,WND (Wind),2062,VERNON 1 1,1,Closed,0.0,101.55,-4.84,1.02,NO,YES,40.62,135.4,-19.5,28.84,Cubic,135.4,0.0
,"W2 (Wind Turbine, Type 2)",0.0,WND (Wind),2071,ARCHER 2 1,1,Closed,0.0,112.5,-0.82,1.0,NO,YES,45.0,150.0,-21.6,31.95,Cubic,150.0,0.0
,"W2 (Wind Turbine, Type 2)",0.0,WND (Wind),2076,JAYTON 3,1,Closed,0.0,22.5,6.39,1.04,NO,YES,9.0,30.0,-4.32,6.39,Cubic,30.0,0.0
,"W2 (Wind Turbine, Type 2)",0.0,WND (Wind),2078,MUENSTER 1 1,1,Closed,0.0,84.38,3.09,1.02,NO,YES,33.75,112.5,-16.2,23.96,Cubic,112.5,0.0
GENROU,GT (Gas Turbine),16.09,NG (Natural Gas),2083,WICHITA FALLS 2 1,1,Closed,16.07,19.94,10.18,1.02,YES,YES,6.0,20.0,-2.22,10.18,Cubic,20.0,7.229313450317101
GENROU,GT (Gas Turbine),0.0,NG (Natural Gas),2084,WICHITA FALLS 2 2,1,Open,16.07,0.0,0.0,1.02,YES,YES,6.0,20.0,-2.22,10.18,Cubic,20.0,7.229313450317101
GENROU,GT (Gas Turbine),0.0,NG (Natural Gas),2085,WICHITA FALLS 2 3,1,Open,16.2,0.0,0.0,1.02,YES,YES,12.0,40.0,-4.44,20.36,Cubic,40.0,7.2967510758011
,"W2 (Wind Turbine, Type 2)",0.0,WND (Wind),2089,ARCHER 1 1,1,Closed,0.0,50.7,0.48,1.0,NO,YES,20.28,67.6,-9.73,14.4,Cubic,67.6,0.0
,"W2 (Wind Turbine, Type 2)",0.0,WND (Wind),2094,PANHANDLE 5 1,1,Open,0.0,0.0,0.0,1.0,NO,YES,3.0,10.0,-1.44,2.13,Cubic,10.0,0.0
,"W2 (Wind Turbine, Type 2)",0.0,WND (Wind),2095,PANHANDLE 5 2,1,Open,0.0,0.0,0.0,1.0,NO,YES,23.85,79.5,-11.45,16.93,Cubic,79.5,0.0
,"W2 (Wind Turbine, Type 2)",0.0,WND (Wind),2099,RALLS 1 3,1,Closed,0.0,7.5,-0.05,1.02,NO,YES,3.0,10.0,-1.44,2.13,Cubic,10.0,0.0
,"W2 (Wind Turbine, Type 2)",0.0,WND (Wind),2100,RALLS 1 4,1,Closed,0.0,112.5,0.58,1.02,NO,YES,45.0,150.0,-21.6,31.95,Cubic,150.0,0.0
GENROU,GT (Gas Turbine),0.0,NG (Natural Gas),2103,SHERMAN 1 2,1,Open,27.34,0.0,0.0,1.0,YES,YES,80.32,267.73,-29.72,136.28,Cubic,267.73,8.0375499534632
GENROU,GT (Gas Turbine),0.0,NG (Natural Gas),2104,SHERMAN 1 3,1,Open,27.34,0.0,0.0,1.0,YES,YES,80.32,267.73,-29.72,136.28,Cubic,267.73,8.0375499534632
GENROU,GT (Gas Turbine),0.0,NG (Natural Gas),2105,SHERMAN 1 4,1,Open,27.34,0.0,0.0,1.0,YES,YES,80.32,267.73,-29.72,136.28,Cubic,267.73,8.0375499534632
GENROU,GT (Gas Turbine),18.01,NG (Natural Gas),2115,PARIS 1 2,1,Closed,17.83,184.2,-20.5,1.0,YES,YES,55.41,184.72,-20.5,94.02,Cubic,184.72,7.7650410692679
GENROU,GT (Gas Turbine),18.01,NG (Natural Gas),2116,PARIS 1 3,1,Closed,17.83,184.2,-20.5,1.0,YES,YES,55.41,184.72,-20.5,94.02,Cubic,184.72,7.7650410692679
GENROU,GT (Gas Turbine),18.01,NG (Natural Gas),2117,PARIS 1 4,1,Closed,17.83,184.2,-20.5,1.0,YES,YES,55.41,184.72,-20.5,94.02,Cubic,184.72,7.7650410692679
GENROU,GT (Gas Turbine),18.01,NG (Natural Gas),2118,PARIS 1 5,1,Closed,17.83,184.2,-20.5,1.0,YES,YES,55.41,184.72,-20.5,94.02,Cubic,184.72,7.7650410692679
GENROU,GT (Gas Turbine),18.01,NG (Natural Gas),2119,PARIS 1 6,1,Closed,17.83,184.2,-20.5,1.0,YES,YES,55.41,184.72,-20.5,94.02,Cubic,184.72,7.7650410692679
GENROU,GT (Gas Turbine),18.01,NG (Natural Gas),2120,PARIS 1 7,1,Closed,17.83,184.2,-2.92,1.01,YES,YES,55.41,184.72,-20.5,94.02,Cubic,184.72,7.7650410692679
,"W2 (Wind Turbine, Type 2)",0.0,WND (Wind),2123,PANHANDLE 1 0,1,Closed,0.0,136.28,-26.16,1.0,NO,YES,54.51,181.7,-26.16,38.7,Cubic,181.7,0.0
,"W2 (Wind Turbine, Type 2)",0.0,WND (Wind),2127,MIAMI 0,1,Closed,0.0,216.45,-0.02,1.04,NO,YES,86.58,288.6,-41.56,61.47,Cubic,288.6,0.0
,"W2 (Wind Turbine, Type 2)",0.0,WND (Wind),3004,SWEETWATER 4 1,1,Closed,0.0,28.13,-5.4,1.0,NO,YES,11.25,37.5,-5.4,7.99,Cubic,37.5,0.0
,"W2 (Wind Turbine, Type 2)",0.0,WND (Wind),3017,BLACKWELL 1,1,Closed,0.0,127.13,3.68,1.01,NO,YES,50.85,169.5,-24.41,36.1,Cubic,169.5,0.0
,"W2 (Wind Turbine, Type 2)",0.0,WND (Wind),3020,CHRISTOVAL 2,1,Closed,0.0,112.5,12.59,1.03,NO,YES,45.0,150.0,-21.6,31.95,Cubic,150.0,0.0
,"W2 (Wind Turbine, Type 2)",0.0,WND (Wind),3028,ABILENE 2 2,1,Closed,0.0,150.0,42.6,1.04,NO,YES,60.0,200.0,-28.8,42.6,Cubic,200.0,0.0
,"W2 (Wind Turbine, Type 2)",0.0,WND (Wind),3034,SNYDER 1 1,1,Closed,0.0,97.87,18.15,1.03,NO,YES,39.15,130.5,-18.79,27.8,Cubic,130.5,0.0
,"W2 (Wind Turbine, Type 2)",0.0,WND (Wind),3039,ROSCOE 2 2,1,Closed,0.0,156.75,44.52,1.04,NO,YES,62.7,209.0,-30.1,44.52,Cubic,209.0,0.0
GENROU,GT (Gas Turbine),0.0,NG (Natural Gas),3043,SILVER 2,1,Open,19.2,0.0,0.0,1.04,YES,YES,0.39,1.3,-0.14,0.66,Cubic,1.3,7.170042877128301
GENROU,GT (Gas Turbine),0.0,NG (Natural Gas),3044,SILVER 3,1,Open,19.89,0.0,0.0,1.04,YES,YES,26.82,89.4,-9.92,45.5,Cubic,89.4,7.457591472461201
GENROU,GT (Gas Turbine),0.0,NG (Natural Gas),3045,SILVER 4,1,Open,22.67,0.0,0.0,1.04,YES,YES,134.1,447.0,-49.62,227.52,Cubic,447.0,8.6189890424594
,"W2 (Wind Turbine, Type 2)",0.0,WND (Wind),3048,ROSCOE 5 2,1,Closed,0.0,180.75,51.33,1.04,NO,YES,72.3,241.0,-34.7,51.33,Cubic,241.0,0.0
,"W2 (Wind Turbine, Type 2)",0.0,WND (Wind),3055,WINGATE 2,1,Closed,0.0,183.88,50.05,1.04,NO,YES,73.55,245.17,-35.3,52.22,Cubic,245.17,0.0
,"W2 (Wind Turbine, Type 2)",0.0,WND (Wind),3056,WINGATE 3,1,Closed,0.0,183.88,31.71,1.04,NO,YES,73.55,245.17,-35.3,52.22,Cubic,245.17,0.0
,"W2 (Wind Turbine, Type 2)",0.0,WND (Wind),3057,WINGATE 4,1,Closed,0.0,183.88,30.31,1.04,NO,YES,73.55,245.17,-35.3,52.22,Cubic,245.17,0.0
,"W2 (Wind Turbine, Type 2)",0.0,WND (Wind),3060,STERLING CITY 1 2,1,Closed,0.0,124.22,16.04,1.04,NO,YES,49.69,165.63,-23.85,35.28,Cubic,165.63,0.0
,"W2 (Wind Turbine, Type 2)",0.0,WND (Wind),3061,STERLING CITY 1 3,1,Closed,0.0,124.22,17.93,1.04,NO,YES,49.69,165.63,-23.85,35.28,Cubic,165.63,0.0
,"W2 (Wind Turbine, Type 2)",0.0,WND (Wind),3062,STERLING CITY 1 4,1,Closed,0.0,124.22,27.34,1.04,NO,YES,49.69,165.63,-23.85,35.28,Cubic,165.63,0.0
,"W2 (Wind Turbine, Type 2)",0.0,WND (Wind),3063,STERLING CITY 1 5,1,Closed,0.0,124.22,20.41,1.04,NO,YES,49.69,165.63,-23.85,35.28,Cubic,165.63,0.0
,"W2 (Wind Turbine, Type 2)",0.0,WND (Wind),3065,ROSCOE 4 1,1,Closed,0.0,60.37,-8.38,1.0,NO,YES,24.15,80.5,-11.59,17.15,Cubic,80.5,0.0
,"W2 (Wind Turbine, Type 2)",0.0,WND (Wind),3068,TRENT 1 1,1,Closed,0.0,112.5,30.84,1.04,NO,YES,45.0,150.0,-21.6,31.95,Cubic,150.0,0.0
,"W2 (Wind Turbine, Type 2)",0.0,WND (Wind),3071,NOLAN 1,1,Closed,0.0,127.65,-24.51,1.0,NO,YES,51.06,170.2,-24.51,36.25,Cubic,170.2,0.0
,"W2 (Wind Turbine, Type 2)",0.0,WND (Wind),3074,BRACKETTVILLE 2 1,1,Closed,0.0,74.85,-1.88,1.0,NO,YES,29.94,99.8,-14.37,21.26,Cubic,99.8,0.0
,"W2 (Wind Turbine, Type 2)",0.0,WND (Wind),3081,HERMLEIGH 3,1,Closed,0.0,186.75,40.91,1.04,NO,YES,74.7,249.0,-35.86,53.04,Cubic,249.0,0.0
,"W2 (Wind Turbine, Type 2)",0.0,WND (Wind),3084,MERKEL 1 2,1,Closed,0.0,174.37,-5.29,1.0,NO,YES,69.75,232.5,-33.48,49.52,Cubic,232.5,0.0
,"W2 (Wind Turbine, Type 2)",0.0,WND (Wind),3086,LORAINE 1 1,1,Closed,0.0,56.25,-0.11,1.0,NO,YES,22.5,75.0,-10.8,15.97,Cubic,75.0,0.0
,"W2 (Wind Turbine, Type 2)",0.0,WND (Wind),3087,LORAINE 1 2,1,Open,0.0,0.0,0.0,1.0,NO,YES,22.5,75.0,-10.8,15.97,Cubic,75.0,0.0
,"W2 (Wind Turbine, Type 2)",0.0,WND (Wind),3092,ABILENE 1 4,1,Closed,0.0,150.0,30.83,1.04,NO,YES,60.0,200.0,-28.8,42.6,Cubic,200.0,0.0
,"W2 (Wind Turbine, Type 2)",0.0,WND (Wind),3095,MERKEL 2 1,1,Closed,0.0,90.45,21.16,1.04,NO,YES,36.18,120.6,-17.37,25.69,Cubic,120.6,0.0
,"W2 (Wind Turbine, Type 2)",0.0,WND (Wind),3098,FLUVANNA 2 2,1,Closed,0.0,120.0,21.82,1.04,NO,YES,48.0,160.0,-23.04,34.08,Cubic,160.0,0.0
GENSAL,HY (Hydro),0.0,WAT (Water),3105,BUCHANAN DAM 1 1,1,Closed,0.0,44.5,-0.74,1.0,NO,YES,0.0,44.5,-0.74,17.07,Cubic,15.0,0.0
GENSAL,HY (Hydro),0.0,WAT (Water),3106,BUCHANAN DAM 1 2,1,Closed,0.0,53.02,-2.57,1.0,NO,YES,0.0,162.8,-2.69,62.48,Cubic,54.9,0.0
,"W2 (Wind Turbine, Type 2)",0.0,WND (Wind),3110,FLUVANNA 1 1,1,Closed,0.0,63.0,13.69,1.04,NO,YES,25.2,84.0,-12.1,17.89,Cubic,84.0,0.0
,"W2 (Wind Turbine, Type 2)",0.0,WND (Wind),3112,STERLING CITY 2 1,1,Closed,0.0,56.1,-1.51,1.0,NO,YES,22.44,74.8,-10.77,15.93,Cubic,74.8,0.0
,"W2 (Wind Turbine, Type 2)",0.0,WND (Wind),3113,STERLING CITY 2 2,1,Closed,0.0,56.1,-0.82,1.0,NO,YES,22.44,74.8,-10.77,15.93,Cubic,74.8,0.0
,"W2 (Wind Turbine, Type 2)",0.0,WND (Wind),3117,SYNDER 1,1,Closed,0.0,47.25,-3.77,1.0,NO,YES,18.9,63.0,-9.07,13.42,Cubic,63.0,0.0
,"W2 (Wind Turbine, Type 2)",0.0,WND (Wind),3118,SYNDER 2,1,Closed,0.0,90.0,-6.63,1.0,NO,YES,36.0,120.0,-17.28,25.56,Cubic,120.0,0.0
,PV (Photovoltaic),0.0,SUN (Solar),3120,BRACKETTVILLE 1 1,1,Closed,0.0,29.7,0.0,1.0,NO,YES,11.88,39.6,0.0,0.0,Cubic,39.6,0.0
,"W2 (Wind Turbine, Type 2)",0.0,WND (Wind),3122,ROSCOE 1 1,1,Closed,0.0,147.75,-8.91,1.0,NO,YES,59.1,197.0,-28.37,41.96,Cubic,197.0,0.0
,"W2 (Wind Turbine, Type 2)",0.0,WND (Wind),3127,SWEETWATER 2 0,1,Closed,0.0,101.25,-19.44,1.0,NO,YES,40.5,135.0,-19.44,28.76,Cubic,135.0,0.0
,"W2 (Wind Turbine, Type 2)",0.0,WND (Wind),3129,ROSCOE 3 0,1,Closed,0.0,94.88,-18.22,1.0,NO,YES,37.95,126.5,-18.22,26.94,Cubic,126.5,0.0
,"W2 (Wind Turbine, Type 2)",0.0,WND (Wind),3131,TUSOCOLA 0,1,Closed,0.0,85.5,24.28,1.02,NO,YES,34.2,114.0,-16.42,24.28,Cubic,114.0,0.0
GENROU,GT (Gas Turbine),0.0,NG (Natural Gas),3133,SNYDER 2 0,1,Open,19.59,0.0,0.0,1.04,YES,YES,15.39,51.3,-5.69,26.11,Cubic,51.3,7.334356359503801
GENROU,GT (Gas Turbine),0.0,NG (Natural Gas),3133,SNYDER 2 0,2,Open,19.59,0.0,0.0,1.04,YES,YES,15.39,51.3,-5.69,26.11,Cubic,51.3,7.334356359503801
GENROU,GT (Gas Turbine),0.0,NG (Natural Gas),3133,SNYDER 2 0,3,Open,19.59,0.0,0.0,1.04,YES,YES,15.39,51.3,-5.69,26.11,Cubic,51.3,7.334356359503801
,"W2 (Wind Turbine, Type 2)",0.0,WND (Wind),3137,SWEETWATER 1 0,1,Closed,0.0,75.9,21.56,1.03,NO,YES,30.36,101.2,-14.57,21.56,Cubic,101.2,0.0
,"W2 (Wind Turbine, Type 2)",0.0,WND (Wind),3141,SWEETWATER 3 0,1,Closed,0.0,68.62,-13.18,1.0,NO,YES,27.45,91.5,-13.18,19.49,Cubic,91.5,0.0
,"W2 (Wind Turbine, Type 2)",0.0,WND (Wind),4010,SARITA 3 1,1,Closed,0.0,151.2,20.85,1.03,NO,YES,60.48,201.6,-29.03,42.94,Cubic,201.6,0.0
GENROU,ST (Steam Turbine),18.65,BIT (Bituminous Coal),4026,CHRISTINE 2,1,Closed,18.14,408.86,57.46,1.03,YES,YES,123.0,410.0,-50.02,191.06,Cubic,410.0,10.625980392213
GENROU,ST (Steam Turbine),18.84,BIT (Bituminous Coal),4030,FANNIN 2,1,Closed,18.63,460.56,-23.08,1.01,YES,YES,186.72,622.4,-75.93,290.04,Cubic,622.4,11.032689076053002
GENSAL,HY (Hydro),0.0,WAT (Water),4045,FALCON HEIGHTS 1 1,1,Closed,0.0,93.4,8.96,1.02,NO,YES,0.0,93.4,-1.54,35.86,Cubic,31.5,0.0
GENSAL,HY (Hydro),0.0,WAT (Water),4046,FALCON HEIGHTS 1 2,1,Closed,0.0,28.5,2.93,1.02,NO,YES,0.0,28.5,-0.47,10.94,Cubic,9.6,0.0
GENSAL,HY (Hydro),0.0,WAT (Water),4047,FALCON HEIGHTS 1 3,1,Closed,0.0,27.48,6.02,1.02,NO,YES,0.0,195.7,-3.23,75.1,Cubic,66.0,0.0
,"W2 (Wind Turbine, Type 2)",0.0,WND (Wind),4050,SEBASTIAN 2 1,1,Closed,0.0,150.0,-14.05,1.0,NO,YES,60.0,200.0,-28.8,42.6,Cubic,200.0,0.0
GENROU,GT (Gas Turbine),16.86,NG (Natural Gas),4052,BISHOP 1,1,Closed,16.81,44.08,22.5,1.04,YES,YES,13.26,44.2,-4.91,22.5,Cubic,44.2,7.3113050100105
GENROU,GT (Gas Turbine),17.5,NG (Natural Gas),4058,GREGORY 2,1,Closed,17.48,99.6,18.55,1.03,YES,YES,43.2,144.0,-15.98,73.3,Cubic,144.0,7.636734015693
GENROU,GT (Gas Turbine),17.45,NG (Natural Gas),4059,GREGORY 3,1,Closed,17.48,84.08,19.72,1.03,YES,YES,43.2,144.0,-15.98,73.3,Cubic,144.0,7.636734015693
GENROU,GT (Gas Turbine),17.57,NG (Natural Gas),4060,GREGORY 4,1,Closed,17.48,124.4,15.6,1.03,YES,YES,43.2,144.0,-15.98,73.3,Cubic,144.0,7.636734015693
GENROU,GT (Gas Turbine),17.78,NG (Natural Gas),4061,GREGORY 5,1,Closed,17.67,148.87,20.61,1.03,YES,YES,51.7,172.33,-19.13,87.72,Cubic,172.33,7.727854137284101
GENROU,GT (Gas Turbine),17.84,NG (Natural Gas),4062,GREGORY 6,1,Closed,17.67,171.85,17.91,1.03,YES,YES,51.7,172.33,-19.13,87.72,Cubic,172.33,7.727854137284101
GENROU,GT (Gas Turbine),17.71,NG (Natural Gas),4063,GREGORY 7,1,Closed,17.67,124.75,20.79,1.03,YES,YES,51.7,172.33,-19.13,87.72,Cubic,172.33,7.727854137284101
GENROU,GT (Gas Turbine),16.88,NG (Natural Gas),4065,CORPUS CHRISTI 2 1,1,Closed,16.83,46.87,14.18,1.02,YES,YES,14.1,47.0,-5.22,23.92,Cubic,47.0,7.319983116828701
GENROU,GT (Gas Turbine),0.0,NG (Natural Gas),4075,MISSION 1 2,1,Open,29.63,0.0,0.0,1.03,YES,YES,52.9,176.33,-19.57,89.75,Cubic,176.33,7.740032893119101
GENROU,GT (Gas Turbine),29.93,NG (Natural Gas),4076,MISSION 1 3,1,Closed,29.63,175.84,36.05,1.03,YES,YES,52.9,176.33,-19.57,89.75,Cubic,176.33,7.740032893119101
GENROU,GT (Gas Turbine),29.55,NG (Natural Gas),4077,MISSION 1 4,1,Closed,29.63,97.06,28.93,1.03,YES,YES,52.9,176.33,-19.57,89.75,Cubic,176.33,7.740032893119101
GENROU,GT (Gas Turbine),18.39,NG (Natural Gas),4082,CORPUS CHRISTI 3 2,1,Closed,18.15,242.72,32.28,1.04,YES,YES,73.02,243.4,-27.02,123.89,Cubic,243.4,7.9578239695340995
GENROU,GT (Gas Turbine),18.39,NG (Natural Gas),4083,CORPUS CHRISTI 3 3,1,Closed,18.15,242.72,33.27,1.04,YES,YES,73.02,243.4,-27.02,123.89,Cubic,243.4,7.9578239695340995
GENROU,GT (Gas Turbine),18.39,NG (Natural Gas),4084,CORPUS CHRISTI 3 4,1,Closed,18.15,242.72,51.43,1.04,YES,YES,73.02,243.4,-27.02,123.89,Cubic,243.4,7.9578239695340995
GENROU,GT (Gas Turbine),18.7,NG (Natural Gas),4085,CORPUS CHRISTI 3 5,1,Closed,18.87,168.05,54.88,1.04,YES,YES,105.6,352.0,-39.07,179.17,Cubic,352.0,8.3092872956712
GENROU,ST (Steam Turbine),0.0,BIT (Bituminous Coal),4090,SANTA ROSA 1 1,1,Open,17.18,0.0,0.0,1.01,YES,YES,0.42,1.4,-0.17,0.65,Cubic,1.4,9.841204481850001
GENROU,ST (Steam Turbine),17.26,BIT (Bituminous Coal),4091,SANTA ROSA 1 2,1,Closed,17.23,23.43,3.95,1.01,YES,YES,7.05,23.5,-2.87,10.95,Cubic,23.5,9.881302521603
GENROU,ST (Steam Turbine),0.0,BIT (Bituminous Coal),4092,SANTA ROSA 1 3,1,Open,17.19,0.0,0.0,1.01,YES,YES,2.28,7.6,-0.93,3.54,Cubic,7.6,9.852661064286
GENROU,ST (Steam Turbine),17.27,BIT (Bituminous Coal),4093,SANTA ROSA 1 4,1,Closed,17.24,27.92,2.53,1.01,YES,YES,8.4,28.0,-3.42,13.05,Cubic,28.0,9.892759104039001
GENROU,ST (Steam Turbine),17.27,BIT (Bituminous Coal),4094,SANTA ROSA 1 5,1,Closed,17.24,27.92,8.12,1.01,YES,YES,8.4,28.0,-3.42,13.05,Cubic,28.0,9.892759104039001
GENROU,ST (Steam Turbine),17.27,BIT (Bituminous Coal),4095,SANTA ROSA 1 6,1,Closed,17.24,27.92,3.75,1.01,YES,YES,8.4,28.0,-3.42,13.05,Cubic,28.0,9.892759104039001
GENROU,ST (Steam Turbine),0.0,BIT (Bituminous Coal),4096,SANTA ROSA 1 7,1,Open,17.24,0.0,0.0,1.01,YES,YES,8.4,28.0,-3.42,13.05,Cubic,28.0,9.892759104039001
GENROU,ST (Steam Turbine),17.27,BIT (Bituminous Coal),4097,SANTA ROSA 1 8,1,Closed,17.24,27.92,3.29,1.01,YES,YES,8.4,28.0,-3.42,13.05,Cubic,28.0,9.892759104039001
GENROU,ST (Steam Turbine),0.0,BIT (Bituminous Coal),4098,SANTA ROSA 1 9,1,Open,17.24,0.0,0.0,1.01,YES,YES,8.4,28.0,-3.42,13.05,Cubic,28.0,9.892759104039001
,"W2 (Wind Turbine, Type 2)",0.0,WND (Wind),4105,TAFT 2 1,1,Closed,0.0,135.0,26.12,1.01,NO,YES,54.0,180.0,-25.92,38.34,Cubic,180.0,0.0
GENROU,GT (Gas Turbine),29.35,NG (Natural Gas),4115,LAREDO 1 2,1,Closed,29.13,131.43,37.25,1.04,YES,YES,39.54,131.8,-14.63,67.09,Cubic,131.8,7.594923470802301
GENROU,GT (Gas Turbine),29.32,NG (Natural Gas),4116,LAREDO 1 3,1,Closed,29.13,123.76,34.12,1.04,YES,YES,39.54,131.8,-14.63,67.09,Cubic,131.8,7.594923470802301
GENROU,GT (Gas Turbine),0.0,NG (Natural Gas),4133,PEARSALL 2,1,Open,28.03,0.0,0.0,1.0,YES,YES,10.08,33.6,-3.73,17.1,Cubic,33.6,7.2762009916578005
GENROU,GT (Gas Turbine),27.98,NG (Natural Gas),4134,PEARSALL 3,1,Closed,28.03,10.21,-3.73,1.0,YES,YES,10.08,33.6,-3.73,17.1,Cubic,33.6,7.2762009916578005
GENROU,GT (Gas Turbine),27.98,NG (Natural Gas),4135,PEARSALL 4,1,Closed,28.03,10.21,-3.73,1.0,YES,YES,10.08,33.6,-3.73,17.1,Cubic,33.6,7.2762009916578005
GENROU,GT (Gas Turbine),27.98,NG (Natural Gas),4136,PEARSALL 5,1,Closed,28.03,10.21,-3.73,1.0,YES,YES,10.08,33.6,-3.73,17.1,Cubic,33.6,7.2762009916578005
GENROU,GT (Gas Turbine),0.0,NG (Natural Gas),4137,PEARSALL 6,1,Open,28.41,0.0,0.0,1.0,YES,YES,20.16,67.2,-7.46,34.2,Cubic,67.2,7.3850330583954
GENROU,GT (Gas Turbine),0.0,NG (Natural Gas),4138,PEARSALL 7,1,Open,28.4,0.0,0.0,1.0,YES,YES,19.8,66.0,-7.33,33.59,Cubic,66.0,7.379850579250901
,"W2 (Wind Turbine, Type 2)",0.0,WND (Wind),4142,SARITA 1 2,1,Closed,0.0,141.0,40.04,1.04,NO,YES,56.4,188.0,-27.07,40.04,Cubic,188.0,0.0
,"W2 (Wind Turbine, Type 2)",0.0,WND (Wind),4153,ARMSTRONG 1 2,1,Closed,0.0,212.4,60.32,1.04,NO,YES,84.96,283.2,-40.78,60.32,Cubic,283.2,0.0
GENROU,GT (Gas Turbine),18.04,NG (Natural Gas),4160,CORPUS CHRISTI 1 2,1,Closed,17.84,197.22,68.62,1.03,YES,YES,59.33,197.77,-21.95,100.66,Cubic,197.77,7.810296152057
GENROU,GT (Gas Turbine),17.72,NG (Natural Gas),4161,CORPUS CHRISTI 1 3,1,Closed,17.84,87.79,28.72,1.03,YES,YES,59.33,197.77,-21.95,100.66,Cubic,197.77,7.810296152057
GENROU,GT (Gas Turbine),17.79,NG (Natural Gas),4162,CORPUS CHRISTI 1 4,1,Closed,17.84,112.46,27.68,1.03,YES,YES,59.33,197.77,-21.95,100.66,Cubic,197.77,7.810296152057
GENROU,GT (Gas Turbine),0.0,NG (Natural Gas),4163,CORPUS CHRISTI 1 5,1,Open,16.58,0.0,0.0,1.03,YES,YES,2.7,9.0,-1.0,4.58,Cubic,9.0,7.1941505679648
,"W2 (Wind Turbine, Type 2)",0.0,WND (Wind),4166,SARITA 2 1,1,Closed,0.0,150.75,-28.94,1.0,NO,YES,60.3,201.0,-28.94,42.81,Cubic,201.0,0.0
,"W2 (Wind Turbine, Type 2)",0.0,WND (Wind),4177,BRUNI 1 1,1,Closed,0.0,112.5,8.16,1.04,NO,YES,45.0,150.0,-21.6,31.95,Cubic,150.0,0.0
,"W2 (Wind Turbine, Type 2)",0.0,WND (Wind),4181,TAFT 1 0,1,Closed,0.0,150.07,42.62,1.04,NO,YES,60.03,200.1,-28.81,42.62,Cubic,200.1,0.0
,"W2 (Wind Turbine, Type 2)",0.0,WND (Wind),4183,SAN PERLITA 0,1,Closed,0.0,152.25,43.24,1.03,NO,YES,60.9,203.0,-29.23,43.24,Cubic,203.0,0.0
GENROU,GT (Gas Turbine),17.09,NG (Natural Gas),4192,BROWNSVILLE 1 0,1,Closed,17.02,74.79,21.27,1.02,YES,YES,22.5,75.0,-8.33,38.17,Cubic,75.0,7.4111032384198
GENROU,GT (Gas Turbine),17.93,NG (Natural Gas),4192,BROWNSVILLE 1 0,10,Closed,17.75,183.26,21.27,1.02,YES,YES,55.13,183.77,-20.4,93.54,Cubic,183.77,7.762566564556901
GENROU,GT (Gas Turbine),0.0,NG (Natural Gas),4192,BROWNSVILLE 1 0,2,Open,16.68,0.0,0.0,1.02,YES,YES,7.2,24.0,-2.66,12.22,Cubic,24.0,7.246219208874
GENROU,GT (Gas Turbine),16.98,NG (Natural Gas),4192,BROWNSVILLE 1 0,3,Closed,16.92,60.83,21.27,1.02,YES,YES,18.3,61.0,-6.77,31.05,Cubic,61.0,7.363373650919701
GENROU,GT (Gas Turbine),16.6,NG (Natural Gas),4192,BROWNSVILLE 1 0,4,Closed,16.59,10.37,5.29,1.02,YES,YES,3.12,10.4,-1.15,5.29,Cubic,10.4,7.198489621373901
GENROU,GT (Gas Turbine),18.2,NG (Natural Gas),4192,BROWNSVILLE 1 0,5,Closed,18.3,136.48,21.27,1.02,YES,YES,80.1,267.0,-29.64,135.9,Cubic,267.0,8.035926930897901
GENROU,GT (Gas Turbine),18.25,NG (Natural Gas),4192,BROWNSVILLE 1 0,6,Closed,18.3,155.9,21.27,1.02,YES,YES,80.1,267.0,-29.64,135.9,Cubic,267.0,8.035926930897901
GENROU,GT (Gas Turbine),18.25,NG (Natural Gas),4192,BROWNSVILLE 1 0,7,Closed,18.3,155.9,21.27,1.02,YES,YES,80.1,267.0,-29.64,135.9,Cubic,267.0,8.035926930897901
GENROU,GT (Gas Turbine),17.93,NG (Natural Gas),4192,BROWNSVILLE 1 0,8,Closed,17.75,183.26,21.27,1.02,YES,YES,55.13,183.77,-20.4,93.54,Cubic,183.77,7.762566564556901
GENROU,GT (Gas Turbine),17.93,NG (Natural Gas),4192,BROWNSVILLE 1 0,9,Closed,17.75,183.26,21.27,1.02,YES,YES,55.13,183.77,-20.4,93.54,Cubic,183.77,7.762566564556901
,"W2 (Wind Turbine, Type 2)",0.0,WND (Wind),4194,SEBASTIAN 1 0,1,Closed,0.0,151.2,42.94,1.02,NO,YES,60.48,201.6,-29.03,42.94,Cubic,201.6,0.0
,"W2 (Wind Turbine, Type 2)",0.0,WND (Wind),4195,OILTON 0,1,Closed,0.0,69.0,-13.25,1.0,NO,YES,27.6,92.0,-13.25,19.6,Cubic,92.0,0.0
,"W2 (Wind Turbine, Type 2)",0.0,WND (Wind),5020,JACKSBORO 1 2,1,Closed,0.0,90.0,-11.79,1.0,NO,YES,36.0,120.0,-17.28,25.56,Cubic,120.0,0.0
GENROU,GT (Gas Turbine),0.0,NG (Natural Gas),5023,ALEDO 1 2,1,Open,15.97,0.0,0.0,1.04,YES,YES,1.44,4.8,-0.53,2.44,Cubic,4.8,7.1798591905837
GENROU,GT (Gas Turbine),0.0,NG (Natural Gas),5035,DALLAS 1 2,1,Open,15.18,0.0,0.0,1.02,YES,YES,1.26,4.2,-0.47,2.14,Cubic,4.2,7.1813519294405
GENROU,GT (Gas Turbine),0.0,NG (Natural Gas),5036,DALLAS 1 3,1,Open,15.2,0.0,0.0,1.02,YES,YES,1.92,6.4,-0.71,3.26,Cubic,6.4,7.1860796141119
GENROU,GT (Gas Turbine),16.77,NG (Natural Gas),5037,DALLAS 1 4,1,Closed,17.05,93.74,76.29,1.02,YES,YES,92.54,308.47,-34.24,157.01,Cubic,308.47,8.1694378768316
GENROU,GT (Gas Turbine),16.77,NG (Natural Gas),5038,DALLAS 1 5,1,Closed,17.05,93.74,74.11,1.02,YES,YES,92.54,308.47,-34.24,157.01,Cubic,308.47,8.1694378768316
GENROU,GT (Gas Turbine),16.77,NG (Natural Gas),5039,DALLAS 1 6,1,Closed,17.05,93.74,157.01,1.02,YES,YES,92.54,308.47,-34.24,157.01,Cubic,308.47,8.1694378768316
GENROU,GT (Gas Turbine),16.77,NG (Natural Gas),5040,DALLAS 1 7,1,Closed,17.05,93.74,55.86,1.02,YES,YES,92.54,308.47,-34.24,157.01,Cubic,308.47,8.1694378768316
GENROU,GT (Gas Turbine),16.77,NG (Natural Gas),5041,DALLAS 1 8,1,Closed,17.05,93.74,80.68,1.02,YES,YES,92.54,308.47,-34.24,157.01,Cubic,308.47,8.1694378768316
GENROU,GT (Gas Turbine),16.77,NG (Natural Gas),5042,DALLAS 1 9,1,Closed,17.05,93.74,69.22,1.02,YES,YES,92.54,308.47,-34.24,157.01,Cubic,308.47,8.1694378768316
GENROU,GT (Gas Turbine),17.24,NG (Natural Gas),5051,GREENVILLE 1 2,1,Closed,17.15,84.46,43.11,1.02,YES,YES,25.41,84.7,-9.4,43.11,Cubic,84.7,7.4409575530843
GENROU,GT (Gas Turbine),0.0,NG (Natural Gas),5057,GRAHAM 2,1,Open,17.99,0.0,0.0,1.0,YES,YES,95.2,317.35,-35.23,161.53,Cubic,317.35,8.2004152572867
GENROU,GT (Gas Turbine),18.11,NG (Natural Gas),5058,GRAHAM 3,1,Closed,17.99,251.16,-12.74,1.0,YES,YES,95.2,317.35,-35.23,161.53,Cubic,317.35,8.2004152572867
GENROU,GT (Gas Turbine),16.02,NG (Natural Gas),5065,ARLINGTON 1 2,1,Closed,16.01,10.57,5.4,1.03,YES,YES,3.18,10.6,-1.18,5.4,Cubic,10.6,7.202338400123501
GENROU,GT (Gas Turbine),0.0,NG (Natural Gas),5066,ARLINGTON 1 3,1,Open,15.95,0.0,0.0,1.03,YES,YES,0.54,1.8,-0.2,0.92,Cubic,1.8,7.170867507708401
GENROU,GT (Gas Turbine),19.19,NG (Natural Gas),5067,ARLINGTON 1 4,1,Closed,18.77,437.05,194.05,1.03,YES,YES,131.48,438.27,-48.65,223.08,Cubic,438.27,8.5915534850939
GENROU,GT (Gas Turbine),19.19,NG (Natural Gas),5068,ARLINGTON 1 5,1,Closed,18.77,437.05,183.38,1.03,YES,YES,131.48,438.27,-48.65,223.08,Cubic,438.27,8.5915534850939
GENROU,GT (Gas Turbine),19.19,NG (Natural Gas),5069,ARLINGTON 1 6,1,Closed,18.77,437.05,172.2,1.03,YES,YES,131.48,438.27,-48.65,223.08,Cubic,438.27,8.5915534850939
GENSAL,HY (Hydro),0.0,WAT (Water),5089,CLIFTON 1 1,1,Open,0.0,0.0,0.0,1.01,YES,YES,0.0,123.9,-2.05,47.57,Cubic,41.8,0.0
GENROU,ST (Steam Turbine),0.0,BIT (Bituminous Coal),5106,IRVING 1 1,1,Open,17.99,0.0,0.0,1.04,YES,YES,3.24,10.8,-1.32,5.03,Cubic,10.8,9.855421686678001
GENROU,ST (Steam Turbine),0.0,BIT (Bituminous Coal),5107,IRVING 1 2,1,Open,17.98,0.0,0.0,1.04,YES,YES,1.71,5.7,-0.7,2.66,Cubic,5.7,9.849946451940001
GENROU,GT (Gas Turbine),16.88,NG (Natural Gas),5166,DENTON 1 2,1,Closed,16.76,126.15,64.39,1.04,YES,YES,37.95,126.5,-14.04,64.39,Cubic,126.5,7.5754932606124
GENROU,GT (Gas Turbine),15.95,NG (Natural Gas),5167,DENTON 1 3,1,Closed,15.95,1.6,0.81,1.04,YES,YES,0.48,1.6,-0.18,0.81,Cubic,1.6,7.170867507708401
,"W2 (Wind Turbine, Type 2)",0.0,WND (Wind),5170,DUBLIN 1 1,1,Closed,0.0,45.0,-8.64,1.0,NO,YES,18.0,60.0,-8.64,12.78,Cubic,60.0,0.0
,"W2 (Wind Turbine, Type 2)",0.0,WND (Wind),5198,BRYSON 1 2,1,Closed,0.0,112.5,-21.6,1.0,NO,YES,45.0,150.0,-21.6,31.95,Cubic,150.0,0.0
GENROU,GT (Gas Turbine),17.67,NG (Natural Gas),5206,POOLVILLE 2,1,Closed,17.55,207.1,35.14,1.01,YES,YES,74.6,248.67,-27.6,126.57,Cubic,248.67,7.975623171294901
GENROU,GT (Gas Turbine),17.6,NG (Natural Gas),5207,POOLVILLE 3,1,Closed,17.55,180.01,63.0,1.01,YES,YES,74.6,248.67,-27.6,126.57,Cubic,248.67,7.975623171294901
GENROU,GT (Gas Turbine),17.6,NG (Natural Gas),5208,POOLVILLE 4,1,Closed,17.55,180.01,50.47,1.01,YES,YES,74.6,248.67,-27.6,126.57,Cubic,248.67,7.975623171294901
,"W2 (Wind Turbine, Type 2)",0.0,WND (Wind),5238,OLNEY 1 2,1,Closed,0.0,168.75,-32.4,1.0,NO,YES,67.5,225.0,-32.4,47.93,Cubic,225.0,0.0
,"W2 (Wind Turbine, Type 2)",0.0,WND (Wind),5243,GOLDTHWAITE 1 4,1,Closed,0.0,112.5,-21.6,1.0,NO,YES,45.0,150.0,-21.6,31.95,Cubic,150.0,0.0
GENROU,NB (ST - Boiling Water Nuclear Reactor),7.37,NUC (Nuclear),5262,GLEN ROSE 1 2,1,Closed,7.23,1211.61,56.27,1.01,YES,YES,364.5,1215.0,-99.63,447.12,Cubic,1215.0,7.34
GENROU,NB (ST - Boiling Water Nuclear Reactor),8.46,NUC (Nuclear),5263,GLEN ROSE 1 3,1,Closed,8.38,1023.98,51.46,1.01,YES,YES,364.5,1215.0,-99.63,447.12,Cubic,1215.0,8.5
GENROU,GT (Gas Turbine),20.44,NG (Natural Gas),5281,TEMPLE 1 2,1,Closed,20.14,266.98,-29.72,1.0,YES,YES,80.32,267.73,-29.72,136.28,Cubic,267.73,8.037666917992501
GENROU,GT (Gas Turbine),20.44,NG (Natural Gas),5282,TEMPLE 1 3,1,Closed,20.14,266.98,-29.72,1.0,YES,YES,80.32,267.73,-29.72,136.28,Cubic,267.73,8.037666917992501
GENROU,GT (Gas Turbine),0.0,NG (Natural Gas),5283,TEMPLE 1 4,1,Open,20.14,0.0,0.0,1.0,YES,YES,80.32,267.73,-29.72,136.28,Cubic,267.73,8.037666917992501
GENROU,GT (Gas Turbine),0.0,NG (Natural Gas),5297,MCKINNEY 1 2,1,Open,16.61,0.0,0.0,1.04,YES,YES,0.96,3.2,-0.36,1.63,Cubic,3.2,7.177369624978801
GENROU,GT (Gas Turbine),17.47,NG (Natural Gas),5298,MCKINNEY 1 3,1,Closed,17.36,114.68,58.53,1.04,YES,YES,34.5,115.0,-12.76,58.53,Cubic,115.0,7.540343164421301
GENROU,GT (Gas Turbine),17.47,NG (Natural Gas),5299,MCKINNEY 1 4,1,Closed,17.36,114.68,58.53,1.04,YES,YES,34.5,115.0,-12.76,58.53,Cubic,115.0,7.540343164421301
GENROU,GT (Gas Turbine),17.47,NG (Natural Gas),5300,MCKINNEY 1 5,1,Closed,17.36,114.68,58.53,1.04,YES,YES,34.5,115.0,-12.76,58.53,Cubic,115.0,7.540343164421301
GENROU,GT (Gas Turbine),17.22,NG (Natural Gas),5301,MCKINNEY 1 6,1,Closed,17.14,82.47,42.09,1.04,YES,YES,24.81,82.7,-9.18,42.09,Cubic,82.7,7.436636438866301
GENROU,GT (Gas Turbine),20.16,NG (Natural Gas),5302,MCKINNEY 1 7,1,Closed,19.7,462.46,175.61,1.04,YES,YES,139.13,463.75,-51.48,236.05,Cubic,463.75,8.676796031308301
GENROU,GT (Gas Turbine),20.16,NG (Natural Gas),5303,MCKINNEY 1 8,1,Closed,19.7,462.46,229.47,1.04,YES,YES,139.13,463.75,-51.48,236.05,Cubic,463.75,8.676796031308301
GENROU,GT (Gas Turbine),19.82,NG (Natural Gas),5319,GRANBURY 1 2,1,Closed,20.11,79.86,9.76,1.01,YES,YES,78.84,262.8,-29.17,133.77,Cubic,262.8,8.021891320636401
GENROU,GT (Gas Turbine),0.0,NG (Natural Gas),5320,GRANBURY 1 3,1,Open,20.11,0.0,0.0,1.01,YES,YES,78.84,262.8,-29.17,133.77,Cubic,262.8,8.021891320636401
GENROU,GT (Gas Turbine),19.82,NG (Natural Gas),5321,GRANBURY 1 4,1,Closed,20.11,79.86,10.07,1.01,YES,YES,78.84,262.8,-29.17,133.77,Cubic,262.8,8.021891320636401
GENROU,GT (Gas Turbine),17.16,NG (Natural Gas),5324,DALLAS 2 2,1,Closed,16.9,283.28,144.59,1.04,YES,YES,85.22,284.07,-31.53,144.59,Cubic,284.07,8.0890672499594
GENROU,GT (Gas Turbine),17.16,NG (Natural Gas),5325,DALLAS 2 3,1,Closed,16.9,283.28,144.59,1.04,YES,YES,85.22,284.07,-31.53,144.59,Cubic,284.07,8.0890672499594
GENROU,GT (Gas Turbine),17.16,NG (Natural Gas),5326,DALLAS 2 4,1,Closed,16.9,283.28,144.59,1.04,YES,YES,85.22,284.07,-31.53,144.59,Cubic,284.07,8.0890672499594
GENSAL,HY (Hydro),0.0,WAT (Water),5342,LEWISVILLE 1 1,1,Closed,0.0,8.4,3.2,1.04,NO,YES,0.0,8.4,-0.14,3.2,Cubic,2.8,0.0
GENSAL,HY (Hydro),0.0,WAT (Water),5343,LEWISVILLE 1 2,1,Closed,0.0,207.5,69.11,1.04,NO,YES,0.0,207.5,-3.43,79.67,Cubic,70.0,0.0
GENROU,ST (Steam Turbine),22.62,BIT (Bituminous Coal),5360,RIESEL 1 2,1,Closed,21.25,1005.19,-25.85,1.01,YES,YES,302.4,1008.0,-122.98,469.73,Cubic,1008.0,11.78004293673
GENROU,GT (Gas Turbine),16.02,NG (Natural Gas),5363,BRIDGEPORT 2,1,Closed,16.01,10.37,-1.15,1.0,YES,YES,3.12,10.4,-1.15,5.29,Cubic,10.4,7.197842557902
GENROU,GT (Gas Turbine),17.52,NG (Natural Gas),5364,BRIDGEPORT 3,1,Closed,17.32,212.73,-22.03,1.0,YES,YES,64.0,213.33,-23.68,108.59,Cubic,213.33,7.858731287645201
GENROU,GT (Gas Turbine),17.52,NG (Natural Gas),5365,BRIDGEPORT 4,1,Closed,17.32,212.73,-8.45,1.0,YES,YES,64.0,213.33,-23.68,108.59,Cubic,213.33,7.858731287645201
GENROU,GT (Gas Turbine),17.52,NG (Natural Gas),5366,BRIDGEPORT 5,1,Closed,17.32,212.73,-7.41,1.0,YES,YES,64.0,213.33,-23.68,108.59,Cubic,213.33,7.858731287645201
GENROU,GT (Gas Turbine),17.52,NG (Natural Gas),5367,BRIDGEPORT 6,1,Closed,17.32,212.73,-7.26,1.0,YES,YES,64.0,213.33,-23.68,108.59,Cubic,213.33,7.858731287645201
GENROU,GT (Gas Turbine),17.52,NG (Natural Gas),5368,BRIDGEPORT 7,1,Closed,17.32,212.73,-13.71,1.0,YES,YES,64.0,213.33,-23.68,108.59,Cubic,213.33,7.858731287645201
GENROU,GT (Gas Turbine),17.52,NG (Natural Gas),5369,BRIDGEPORT 8,1,Closed,17.32,212.73,-6.79,1.0,YES,YES,64.0,213.33,-23.68,108.59,Cubic,213.33,7.858731287645201
GENROU,GT (Gas Turbine),16.25,NG (Natural Gas),5382,ENNIS 2,1,Closed,16.44,63.51,106.38,1.04,YES,YES,62.7,209.0,-23.2,106.38,Cubic,209.0,7.847955367775101
GENROU,GT (Gas Turbine),16.25,NG (Natural Gas),5383,ENNIS 3,1,Closed,16.44,63.51,106.38,1.04,YES,YES,62.7,209.0,-23.2,106.38,Cubic,209.0,7.847955367775101
,"W2 (Wind Turbine, Type 2)",0.0,WND (Wind),5399,ALBANY 1 5,1,Closed,0.0,124.2,35.27,1.04,NO,YES,49.68,165.6,-23.85,35.27,Cubic,165.6,0.0
GENROU,GT (Gas Turbine),16.6,NG (Natural Gas),5403,GRANBURY 2 2,1,Closed,16.52,89.15,45.5,1.03,YES,YES,26.82,89.4,-9.92,45.5,Cubic,89.4,7.4586013769627
GENROU,GT (Gas Turbine),16.57,NG (Natural Gas),5404,GRANBURY 2 3,1,Closed,16.52,77.23,45.5,1.03,YES,YES,26.82,89.4,-9.92,45.5,Cubic,89.4,7.4586013769627
GENROU,GT (Gas Turbine),16.59,NG (Natural Gas),5405,GRANBURY 2 4,1,Closed,16.52,84.77,45.5,1.03,YES,YES,26.82,89.4,-9.92,45.5,Cubic,89.4,7.4586013769627
GENROU,GT (Gas Turbine),16.6,NG (Natural Gas),5406,GRANBURY 2 5,1,Closed,16.52,89.15,45.5,1.03,YES,YES,26.82,89.4,-9.92,45.5,Cubic,89.4,7.4586013769627
GENROU,GT (Gas Turbine),16.84,NG (Natural Gas),5415,PALO PINTO 1 2,1,Closed,16.73,121.66,-11.4,1.0,YES,YES,36.6,122.0,-13.54,62.1,Cubic,122.0,7.5620057355156005
GENROU,GT (Gas Turbine),16.84,NG (Natural Gas),5416,PALO PINTO 1 3,1,Closed,16.73,121.66,-10.89,1.0,YES,YES,36.6,122.0,-13.54,62.1,Cubic,122.0,7.5620057355156005
GENROU,GT (Gas Turbine),16.84,NG (Natural Gas),5417,PALO PINTO 1 4,1,Closed,16.73,121.66,-12.52,1.0,YES,YES,36.6,122.0,-13.54,62.1,Cubic,122.0,7.5620057355156005
GENROU,GT (Gas Turbine),16.82,NG (Natural Gas),5418,PALO PINTO 1 5,1,Closed,16.71,118.47,-13.19,1.0,YES,YES,35.64,118.8,-13.19,60.47,Cubic,118.8,7.5530140526403
GENROU,GT (Gas Turbine),16.82,NG (Natural Gas),5419,PALO PINTO 1 6,1,Closed,16.71,118.47,-13.19,1.0,YES,YES,35.64,118.8,-13.19,60.47,Cubic,118.8,7.5530140526403
GENROU,GT (Gas Turbine),16.03,NG (Natural Gas),5423,LEWSIVILLE 1,1,Closed,16.02,12.37,-1.38,1.0,YES,YES,3.72,12.4,-1.38,6.31,Cubic,12.4,7.206834240777301
GENROU,GT (Gas Turbine),0.0,NG (Natural Gas),5424,LEWSIVILLE 2,1,Open,15.96,0.0,0.0,1.0,YES,YES,0.96,3.2,-0.36,1.63,Cubic,3.2,7.1753633499299
GENROU,GT (Gas Turbine),0.0,NG (Natural Gas),5444,MIDLOTHIAN 1 0,1,Open,20.3,0.0,0.0,1.01,YES,YES,86.7,289.0,-32.08,147.1,Cubic,289.0,8.1047132079317
GENROU,GT (Gas Turbine),0.0,NG (Natural Gas),5444,MIDLOTHIAN 1 0,2,Open,20.3,0.0,0.0,1.01,YES,YES,86.7,289.0,-32.08,147.1,Cubic,289.0,8.1047132079317
GENROU,GT (Gas Turbine),0.0,NG (Natural Gas),5444,MIDLOTHIAN 1 0,3,Open,20.3,0.0,0.0,1.01,YES,YES,86.7,289.0,-32.08,147.1,Cubic,289.0,8.1047132079317
GENROU,GT (Gas Turbine),20.62,NG (Natural Gas),5444,MIDLOTHIAN 1 0,4,Closed,20.3,288.19,19.06,1.01,YES,YES,86.7,289.0,-32.08,147.1,Cubic,289.0,8.1047132079317
GENROU,GT (Gas Turbine),20.62,NG (Natural Gas),5444,MIDLOTHIAN 1 0,5,Closed,20.3,288.19,19.06,1.01,YES,YES,86.7,289.0,-32.08,147.1,Cubic,289.0,8.1047132079317
GENROU,GT (Gas Turbine),0.0,NG (Natural Gas),5444,MIDLOTHIAN 1 0,6,Open,20.3,0.0,0.0,1.01,YES,YES,86.7,289.0,-32.08,147.1,Cubic,289.0,8.1047132079317
GENROU,GT (Gas Turbine),19.37,NG (Natural Gas),5444,MIDLOTHIAN 1 0,7,Closed,19.21,140.91,19.06,1.01,YES,YES,42.39,141.3,-15.68,71.92,Cubic,141.3,7.627501383598501
GENROU,GT (Gas Turbine),19.37,NG (Natural Gas),5444,MIDLOTHIAN 1 0,8,Closed,19.21,140.91,19.06,1.01,YES,YES,42.39,141.3,-15.68,71.92,Cubic,141.3,7.627501383598501
GENROU,GT (Gas Turbine),18.2,NG (Natural Gas),6006,BASTROP 3,1,Closed,17.99,212.41,77.37,1.04,YES,YES,63.9,213.0,-23.64,108.42,Cubic,213.0,7.8579718467342
GENROU,GT (Gas Turbine),0.0,NG (Natural Gas),6007,BASTROP 4,1,Open,19.42,0.0,0.0,1.04,YES,YES,127.8,426.0,-47.29,216.83,Cubic,426.0,8.550304167397002
GENROU,GT (Gas Turbine),18.09,NG (Natural Gas),6008,BASTROP 5,1,Closed,17.89,197.78,67.78,1.04,YES,YES,59.5,198.33,-22.01,100.95,Cubic,198.33,7.8103739993359005
GENROU,GT (Gas Turbine),18.09,NG (Natural Gas),6009,BASTROP 6,1,Closed,17.89,197.78,42.18,1.04,YES,YES,59.5,198.33,-22.01,100.95,Cubic,198.33,7.8103739993359005
GENROU,GT (Gas Turbine),18.09,NG (Natural Gas),6010,BASTROP 7,1,Closed,17.89,197.78,57.22,1.04,YES,YES,59.5,198.33,-22.01,100.95,Cubic,198.33,7.8103739993359005
GENSAL,HY (Hydro),0.0,WAT (Water),6041,AUSTIN 3 3,1,Closed,0.0,0.0,20.48,1.04,NO,YES,0.0,53.4,-0.88,20.48,Cubic,18.0,0.0
GENSAL,HY (Hydro),0.0,WAT (Water),6042,AUSTIN 3 4,1,Closed,0.0,0.0,54.26,1.04,NO,YES,0.0,320.2,-5.29,122.91,Cubic,108.0,0.0
GENROU,GT (Gas Turbine),0.0,NG (Natural Gas),6048,SAN ANTONIO 2 3,1,Open,15.39,0.0,0.0,1.04,YES,YES,1.02,3.4,-0.38,1.73,Cubic,3.4,7.178881950679401
GENROU,GT (Gas Turbine),0.0,NG (Natural Gas),6049,SAN ANTONIO 2 4,1,Open,15.43,0.0,0.0,1.04,YES,YES,2.88,9.6,-1.07,4.89,Cubic,9.6,7.1975283970928015
GENROU,GT (Gas Turbine),0.0,NG (Natural Gas),6050,SAN ANTONIO 2 5,1,Open,15.4,0.0,0.0,1.04,YES,YES,1.32,4.4,-0.49,2.24,Cubic,4.4,7.178881950679401
GENROU,GT (Gas Turbine),15.78,NG (Natural Gas),6051,SAN ANTONIO 2 6,1,Closed,15.73,57.24,29.22,1.04,YES,YES,17.22,57.4,-6.37,29.22,Cubic,57.4,7.3513615823549
GENROU,GT (Gas Turbine),0.0,NG (Natural Gas),6052,SAN ANTONIO 2 7,1,Open,15.73,0.0,0.0,1.04,YES,YES,17.22,57.4,-6.37,29.22,Cubic,57.4,7.3513615823549
GENROU,GT (Gas Turbine),15.78,NG (Natural Gas),6053,SAN ANTONIO 2 8,1,Closed,15.73,57.24,29.22,1.04,YES,YES,17.22,57.4,-6.37,29.22,Cubic,57.4,7.3513615823549
GENROU,GT (Gas Turbine),15.78,NG (Natural Gas),6054,SAN ANTONIO 2 9,1,Closed,15.73,57.24,29.22,1.04,YES,YES,17.22,57.4,-6.37,29.22,Cubic,57.4,7.3513615823549
GENROU,GT (Gas Turbine),17.8,NG (Natural Gas),6069,MARION 1 3,1,Closed,17.78,123.82,49.23,1.03,YES,YES,54.41,181.37,-20.13,92.32,Cubic,181.37,7.754121998007701
GENROU,GT (Gas Turbine),17.82,NG (Natural Gas),6070,MARION 1 4,1,Closed,17.78,131.29,21.36,1.03,YES,YES,54.41,181.37,-20.13,92.32,Cubic,181.37,7.754121998007701
GENROU,GT (Gas Turbine),17.75,NG (Natural Gas),6071,MARION 1 5,1,Closed,17.78,105.9,62.98,1.03,YES,YES,54.41,181.37,-20.13,92.32,Cubic,181.37,7.754121998007701
GENROU,GT (Gas Turbine),0.0,NG (Natural Gas),6072,MARION 1 6,1,Open,17.78,0.0,0.0,1.03,YES,YES,54.41,181.37,-20.13,92.32,Cubic,181.37,7.754121998007701
GENROU,GT (Gas Turbine),17.82,NG (Natural Gas),6073,MARION 1 7,1,Closed,17.78,131.29,37.32,1.03,YES,YES,54.41,181.37,-20.13,92.32,Cubic,181.37,7.754121998007701
GENROU,GT (Gas Turbine),17.82,NG (Natural Gas),6074,MARION 1 8,1,Closed,17.78,131.29,36.8,1.03,YES,YES,54.41,181.37,-20.13,92.32,Cubic,181.37,7.754121998007701
GENROU,ST (Steam Turbine),19.37,BIT (Bituminous Coal),6078,LA GRANGE 3,1,Closed,18.95,477.3,-68.73,1.0,YES,YES,169.0,563.33,-68.73,262.51,Cubic,563.33,10.922815489878001
GENROU,ST (Steam Turbine),18.82,BIT (Bituminous Coal),6079,LA GRANGE 4,1,Closed,18.95,328.92,-68.73,1.0,YES,YES,169.0,563.33,-68.73,262.51,Cubic,563.33,10.922815489878001
GENROU,ST (Steam Turbine),18.82,BIT (Bituminous Coal),6080,LA GRANGE 5,1,Closed,18.95,328.92,-68.73,1.0,YES,YES,169.0,563.33,-68.73,262.51,Cubic,563.33,10.922815489878001
GENSAL,HY (Hydro),0.0,WAT (Water),6082,MARBLE FALLS 1 1,1,Closed,0.0,41.37,17.29,1.04,NO,YES,0.0,65.3,-1.08,25.04,Cubic,22.0,0.0
GENSAL,HY (Hydro),0.0,WAT (Water),6083,MARBLE FALLS 1 2,1,Closed,0.0,65.3,11.97,1.04,NO,YES,0.0,65.3,-1.08,25.04,Cubic,22.0,0.0
,PV (Photovoltaic),0.0,SUN (Solar),6085,ROUND ROCK 1 1,1,Closed,0.0,1.05,0.0,1.04,NO,YES,0.42,1.4,0.0,0.0,Cubic,1.4,0.0
,PV (Photovoltaic),0.0,SUN (Solar),6086,ROUND ROCK 1 2,1,Closed,0.0,22.5,0.0,1.04,NO,YES,9.0,30.0,0.0,0.0,Cubic,30.0,0.0
,PV (Photovoltaic),0.0,SUN (Solar),6087,ROUND ROCK 1 3,1,Open,0.0,0.0,0.0,1.04,NO,YES,1.65,5.5,0.0,0.0,Cubic,5.5,0.0
,PV (Photovoltaic),0.0,SUN (Solar),6088,ROUND ROCK 1 4,1,Closed,0.0,7.95,0.0,1.04,NO,YES,3.18,10.6,0.0,0.0,Cubic,10.6,0.0
,PV (Photovoltaic),0.0,SUN (Solar),6089,ROUND ROCK 1 5,1,Closed,0.0,10.42,0.0,1.04,NO,YES,4.17,13.9,0.0,0.0,Cubic,13.9,0.0
,PV (Photovoltaic),0.0,SUN (Solar),6090,ROUND ROCK 1 6,1,Closed,0.0,30.52,0.0,1.04,NO,YES,12.21,40.7,0.0,0.0,Cubic,40.7,0.0
GENROU,GT (Gas Turbine),17.03,NG (Natural Gas),6104,WINCHESTER 3,1,Closed,16.97,60.33,30.79,1.04,YES,YES,18.15,60.5,-6.72,30.79,Cubic,60.5,7.3646850680268
GENROU,GT (Gas Turbine),17.03,NG (Natural Gas),6105,WINCHESTER 4,1,Closed,16.97,60.33,30.79,1.04,YES,YES,18.15,60.5,-6.72,30.79,Cubic,60.5,7.3646850680268
GENROU,GT (Gas Turbine),17.49,NG (Natural Gas),6106,WINCHESTER 5,1,Closed,17.37,120.66,61.59,1.04,YES,YES,36.3,121.0,-13.43,61.59,Cubic,121.0,7.559403532233401
GENROU,ST (Steam Turbine),18.71,BIT (Bituminous Coal),6110,ROCKDALE 1 3,1,Closed,19.02,301.18,100.76,1.04,YES,YES,177.18,590.6,-72.05,275.22,Cubic,590.6,10.973125284984
GENROU,ST (Steam Turbine),18.68,BIT (Bituminous Coal),6111,ROCKDALE 1 4,1,Closed,19.19,293.63,101.78,1.04,YES,YES,198.45,661.5,-80.7,308.26,Cubic,661.5,11.112874715016
GENROU,GT (Gas Turbine),0.0,NG (Natural Gas),6144,SAN ANTONIO 1 3,1,Open,15.43,0.0,0.0,1.03,YES,YES,2.52,8.4,-0.93,4.28,Cubic,8.4,7.1928667862733
GENROU,GT (Gas Turbine),18.24,NG (Natural Gas),6145,SAN ANTONIO 1 4,1,Closed,18.15,322.85,38.03,1.03,YES,YES,133.8,446.0,-49.51,227.01,Cubic,446.0,8.6193199525754
GENROU,GT (Gas Turbine),18.24,NG (Natural Gas),6146,SAN ANTONIO 1 5,1,Closed,18.15,322.85,39.39,1.03,YES,YES,133.8,446.0,-49.51,227.01,Cubic,446.0,8.6193199525754
GENROU,GT (Gas Turbine),20.33,NG (Natural Gas),6147,SAN ANTONIO 1 6,1,Closed,21.18,283.22,42.7,1.03,YES,YES,279.6,932.0,-103.45,474.39,Cubic,932.0,10.1996063041396
GENROU,GT (Gas Turbine),0.0,NG (Natural Gas),6148,SAN ANTONIO 1 7,1,Open,19.87,0.0,0.0,1.03,YES,YES,216.6,722.0,-80.14,367.5,Cubic,722.0,9.514349389824801
GENROU,GT (Gas Turbine),19.21,NG (Natural Gas),6149,SAN ANTONIO 1 8,1,Closed,19.87,219.4,127.84,1.03,YES,YES,216.6,722.0,-80.14,367.5,Cubic,722.0,9.514349389824801
GENROU,GT (Gas Turbine),17.91,NG (Natural Gas),6164,SEGUIN 1 3,1,Closed,18.14,71.43,38.3,1.03,YES,YES,70.52,235.05,-26.09,119.64,Cubic,235.05,7.9315321559222
GENROU,GT (Gas Turbine),17.91,NG (Natural Gas),6165,SEGUIN 1 4,1,Closed,18.14,71.43,33.99,1.03,YES,YES,70.52,235.05,-26.09,119.64,Cubic,235.05,7.9315321559222
GENROU,GT (Gas Turbine),17.91,NG (Natural Gas),6166,SEGUIN 1 5,1,Closed,18.14,71.43,82.0,1.03,YES,YES,70.52,235.05,-26.09,119.64,Cubic,235.05,7.9315321559222
GENROU,GT (Gas Turbine),17.91,NG (Natural Gas),6167,SEGUIN 1 6,1,Closed,18.14,71.43,43.72,1.03,YES,YES,70.52,235.05,-26.09,119.64,Cubic,235.05,7.9315321559222
GENSAL,HY (Hydro),0.0,WAT (Water),6213,MARBLE FALLS 2 3,1,Closed,0.0,177.9,19.45,1.04,NO,YES,0.0,177.9,-2.94,68.29,Cubic,60.0,0.0
GENSAL,HY (Hydro),0.0,WAT (Water),6214,MARBLE FALLS 2 4,1,Closed,0.0,552.3,55.54,1.04,NO,YES,0.0,552.3,-9.13,212.06,Cubic,186.33,0.0
GENSAL,HY (Hydro),0.0,WAT (Water),6215,MARBLE FALLS 2 5,1,Closed,0.0,552.3,99.93,1.04,NO,YES,0.0,552.3,-9.13,212.06,Cubic,186.33,0.0
GENSAL,HY (Hydro),0.0,WAT (Water),6216,MARBLE FALLS 2 6,1,Closed,0.0,552.3,58.81,1.04,NO,YES,0.0,552.3,-9.13,212.06,Cubic,186.33,0.0
GENROU,GT (Gas Turbine),15.81,NG (Natural Gas),6242,ELMENDORF 3,1,Closed,15.75,60.83,18.83,1.04,YES,YES,18.3,61.0,-6.77,31.05,Cubic,61.0,7.365346416381101
GENROU,GT (Gas Turbine),16.68,NG (Natural Gas),6243,ELMENDORF 4,1,Closed,16.51,182.49,45.89,1.04,YES,YES,54.9,183.0,-20.31,93.15,Cubic,183.0,7.761583408152801
GENROU,GT (Gas Turbine),17.51,NG (Natural Gas),6244,ELMENDORF 5,1,Closed,17.23,297.17,55.72,1.04,YES,YES,89.4,298.0,-33.08,151.68,Cubic,298.0,8.134512339556201
GENROU,GT (Gas Turbine),17.51,NG (Natural Gas),6245,ELMENDORF 6,1,Closed,17.23,297.17,64.31,1.04,YES,YES,89.4,298.0,-33.08,151.68,Cubic,298.0,8.134512339556201
GENROU,GT (Gas Turbine),17.51,NG (Natural Gas),6246,ELMENDORF 7,1,Closed,17.23,297.17,121.17,1.04,YES,YES,89.4,298.0,-33.08,151.68,Cubic,298.0,8.134512339556201
GENROU,GT (Gas Turbine),16.68,NG (Natural Gas),6247,ELMENDORF 8,1,Closed,16.52,182.82,93.32,1.04,YES,YES,55.0,183.33,-20.35,93.32,Cubic,183.33,7.761583408152801
GENROU,GT (Gas Turbine),16.68,NG (Natural Gas),6248,ELMENDORF 9,1,Closed,16.52,182.82,50.78,1.04,YES,YES,55.0,183.33,-20.35,93.32,Cubic,183.33,7.761583408152801
GENROU,GT (Gas Turbine),16.68,NG (Natural Gas),6249,ELMENDORF 10,1,Closed,16.52,182.82,35.11,1.04,YES,YES,55.0,183.33,-20.35,93.32,Cubic,183.33,7.761583408152801
GENROU,GT (Gas Turbine),17.67,NG (Natural Gas),6257,AUSTIN 2 3,1,Closed,17.86,58.95,-9.89,1.02,YES,YES,58.2,194.0,-21.53,98.75,Cubic,194.0,7.7973927676571995
GENROU,GT (Gas Turbine),17.81,NG (Natural Gas),6258,AUSTIN 2 4,1,Closed,17.86,106.96,-5.6,1.02,YES,YES,58.2,194.0,-21.53,98.75,Cubic,194.0,7.7973927676571995
GENROU,GT (Gas Turbine),0.0,NG (Natural Gas),6259,AUSTIN 2 5,1,Open,16.91,0.0,0.0,1.02,YES,YES,15.42,51.4,-5.71,26.16,Cubic,51.4,7.3343955284883
GENROU,GT (Gas Turbine),18.03,NG (Natural Gas),6260,AUSTIN 2 6,1,Closed,18.29,78.1,-11.57,1.02,YES,YES,77.1,257.0,-28.53,130.81,Cubic,257.0,8.0007653873614
GENSAL,HY (Hydro),0.0,WAT (Water),6266,CUERO 1 1,1,Closed,0.0,4.5,1.72,1.04,NO,YES,0.0,4.5,-0.07,1.72,Cubic,1.5,0.0
GENSAL,HY (Hydro),0.0,WAT (Water),6267,CUERO 1 2,1,Closed,0.0,7.2,2.73,1.04,NO,YES,0.0,7.2,-0.12,2.73,Cubic,2.4,0.0
GENSAL,HY (Hydro),0.0,WAT (Water),6268,CUERO 1 3,1,Closed,0.0,4.5,1.72,1.04,NO,YES,0.0,4.5,-0.07,1.72,Cubic,1.5,0.0
GENSAL,HY (Hydro),0.0,WAT (Water),6269,CUERO 1 4,1,Closed,0.0,7.2,2.73,1.04,NO,YES,0.0,7.2,-0.12,2.73,Cubic,2.4,0.0
GENSAL,HY (Hydro),0.0,WAT (Water),6270,CUERO 1 5,1,Open,0.0,0.0,0.0,1.04,YES,YES,0.0,18.0,-0.29,6.82,Cubic,6.0,0.0
GENSAL,HY (Hydro),0.0,WAT (Water),6271,CUERO 1 6,1,Open,0.0,0.0,0.0,1.04,YES,YES,0.0,11.0,-0.18,4.09,Cubic,3.6,0.0
GENSAL,HY (Hydro),0.0,WAT (Water),6272,CUERO 1 7,1,Open,0.0,0.0,0.0,1.04,YES,YES,0.0,7.2,-0.12,2.73,Cubic,2.4,0.0
GENSAL,HY (Hydro),0.0,WAT (Water),6273,CUERO 1 8,1,Open,0.0,0.0,0.0,1.04,YES,YES,0.0,7.2,-0.12,2.73,Cubic,2.4,0.0
GENSAL,HY (Hydro),0.0,WAT (Water),6274,CUERO 1 9,1,Closed,0.0,8.4,3.2,1.04,NO,YES,0.0,8.4,-0.14,3.2,Cubic,2.8,0.0
GENROU,GT (Gas Turbine),17.74,NG (Natural Gas),6295,CEDAR CREEK 1 3,1,Closed,17.95,62.67,-22.89,1.02,YES,YES,61.87,206.23,-22.89,104.97,Cubic,206.23,7.836336461125601
GENROU,GT (Gas Turbine),17.74,NG (Natural Gas),6296,CEDAR CREEK 1 4,1,Closed,17.95,62.67,-22.89,1.02,YES,YES,61.87,206.23,-22.89,104.97,Cubic,206.23,7.836336461125601
GENROU,GT (Gas Turbine),17.74,NG (Natural Gas),6297,CEDAR CREEK 1 5,1,Closed,17.95,62.7,-15.02,1.02,YES,YES,61.9,206.23,-22.89,104.97,Cubic,206.23,7.836336461125601
GENROU,GT (Gas Turbine),0.0,NG (Natural Gas),6301,NEW BRAUNFELS 1 3,1,Open,16.58,0.0,0.0,1.0,YES,YES,0.96,3.2,-0.36,1.63,Cubic,3.2,7.178620756182401
GENROU,GT (Gas Turbine),18.47,NG (Natural Gas),6302,NEW BRAUNFELS 1 4,1,Closed,18.22,246.56,-27.44,1.0,YES,YES,74.18,247.25,-27.44,125.85,Cubic,247.25,7.9704758493906
GENROU,GT (Gas Turbine),18.37,NG (Natural Gas),6303,NEW BRAUNFELS 1 5,1,Closed,18.22,213.83,-27.44,1.0,YES,YES,74.18,247.25,-27.44,125.85,Cubic,247.25,7.9704758493906
GENROU,GT (Gas Turbine),18.47,NG (Natural Gas),6304,NEW BRAUNFELS 1 6,1,Closed,18.22,246.56,-27.44,1.0,YES,YES,74.18,247.25,-27.44,125.85,Cubic,247.25,7.9704758493906
GENROU,GT (Gas Turbine),18.47,NG (Natural Gas),6305,NEW BRAUNFELS 1 7,1,Closed,18.22,246.56,-27.44,1.0,YES,YES,74.18,247.25,-27.44,125.85,Cubic,247.25,7.9704758493906
GENROU,GT (Gas Turbine),0.0,NG (Natural Gas),6349,AUSTIN 1 0,1,Open,16.64,0.0,0.0,1.04,YES,YES,3.6,12.0,-1.33,6.11,Cubic,12.0,7.2045832179721
GENROU,GT (Gas Turbine),0.0,NG (Natural Gas),6349,AUSTIN 1 0,10,Open,16.91,0.0,0.0,1.04,YES,YES,15.45,51.5,-5.72,26.21,Cubic,51.5,7.3343955284883
GENROU,GT (Gas Turbine),17.15,NG (Natural Gas),6349,AUSTIN 1 0,11,Closed,17.25,31.3,52.43,1.04,YES,YES,30.9,103.0,-11.43,52.43,Cubic,103.0,7.5031515324729
GENROU,GT (Gas Turbine),0.0,NG (Natural Gas),6349,AUSTIN 1 0,2,Open,16.58,0.0,0.0,1.04,YES,YES,0.69,2.3,-0.26,1.17,Cubic,2.3,7.1742936800013
GENROU,GT (Gas Turbine),0.0,NG (Natural Gas),6349,AUSTIN 1 0,3,Open,16.59,0.0,0.0,1.04,YES,YES,1.38,4.6,-0.51,2.34,Cubic,4.6,7.182947833931201
GENROU,GT (Gas Turbine),0.0,NG (Natural Gas),6349,AUSTIN 1 0,4,Open,16.57,0.0,0.0,1.04,YES,YES,0.45,1.5,-0.17,0.76,Cubic,1.5,7.1699666022525
GENROU,GT (Gas Turbine),0.0,NG (Natural Gas),6349,AUSTIN 1 0,5,Open,16.59,0.0,0.0,1.04,YES,YES,1.2,4.0,-0.44,2.04,Cubic,4.0,7.178620756182401
GENROU,GT (Gas Turbine),0.0,NG (Natural Gas),6349,AUSTIN 1 0,6,Open,16.6,0.0,0.0,1.04,YES,YES,1.92,6.4,-0.71,3.26,Cubic,6.4,7.187274910112301
GENROU,GT (Gas Turbine),18.64,NG (Natural Gas),6349,AUSTIN 1 0,7,Closed,19.0,110.31,184.77,1.04,YES,YES,108.9,363.0,-40.29,184.77,Cubic,363.0,8.346931547692801
GENROU,GT (Gas Turbine),18.64,NG (Natural Gas),6349,AUSTIN 1 0,8,Closed,19.0,110.31,184.77,1.04,YES,YES,108.9,363.0,-40.29,184.77,Cubic,363.0,8.346931547692801
GENROU,GT (Gas Turbine),0.0,NG (Natural Gas),6349,AUSTIN 1 0,9,Open,16.91,0.0,0.0,1.04,YES,YES,15.45,51.5,-5.72,26.21,Cubic,51.5,7.3343955284883
GENROU,GT (Gas Turbine),16.1,NG (Natural Gas),7005,PASADENA 2 3,1,Closed,15.96,162.54,38.38,1.04,YES,YES,48.9,163.0,-18.09,82.97,Cubic,163.0,7.694850031133601
GENROU,GT (Gas Turbine),16.1,NG (Natural Gas),7006,PASADENA 2 4,1,Closed,15.96,162.54,67.22,1.04,YES,YES,48.9,163.0,-18.09,82.97,Cubic,163.0,7.694850031133601
GENROU,GT (Gas Turbine),16.1,NG (Natural Gas),7007,PASADENA 2 5,1,Closed,15.96,162.54,44.4,1.04,YES,YES,48.9,163.0,-18.09,82.97,Cubic,163.0,7.694850031133601
GENROU,GT (Gas Turbine),16.1,NG (Natural Gas),7008,PASADENA 2 6,1,Closed,15.96,162.54,41.68,1.04,YES,YES,48.9,163.0,-18.09,82.97,Cubic,163.0,7.694850031133601
GENROU,GT (Gas Turbine),16.1,NG (Natural Gas),7009,PASADENA 2 7,1,Closed,15.96,162.54,37.78,1.04,YES,YES,48.9,163.0,-18.09,82.97,Cubic,163.0,7.694850031133601
GENROU,GT (Gas Turbine),0.0,NG (Natural Gas),7015,HOUSTON 1 1,1,Open,14.99,0.0,0.0,1.04,YES,YES,1.2,4.0,-0.44,2.04,Cubic,4.0,7.1777101403927
GENROU,GT (Gas Turbine),16.69,NG (Natural Gas),7021,NURSERY 3,1,Closed,16.67,22.34,11.4,1.04,YES,YES,6.72,22.4,-2.49,11.4,Cubic,22.4,7.2375411020558005
GENROU,GT (Gas Turbine),16.88,NG (Natural Gas),7022,NURSERY 4,1,Closed,16.83,47.27,24.13,1.04,YES,YES,14.22,47.4,-5.26,24.13,Cubic,47.4,7.319983116828701
GENROU,GT (Gas Turbine),16.88,NG (Natural Gas),7023,NURSERY 5,1,Closed,16.83,47.27,24.13,1.04,YES,YES,14.22,47.4,-5.26,24.13,Cubic,47.4,7.319983116828701
GENROU,GT (Gas Turbine),17.24,NG (Natural Gas),7024,NURSERY 6,1,Closed,17.15,94.54,48.25,1.04,YES,YES,28.44,94.8,-10.52,48.25,Cubic,94.8,7.4761890395563
GENROU,GT (Gas Turbine),0.0,NG (Natural Gas),7025,NURSERY 7,1,Open,16.54,0.0,0.0,1.04,YES,YES,0.96,3.2,-0.36,1.63,Cubic,3.2,7.1767943543284005
,PV (Photovoltaic),0.0,SUN (Solar),7031,PORT LAVACA 2,1,Closed,0.0,29.1,0.0,1.04,NO,YES,11.64,38.8,0.0,0.0,Cubic,38.8,0.0
,PV (Photovoltaic),0.0,SUN (Solar),7032,PORT LAVACA 3,1,Closed,0.0,7.5,0.0,1.04,NO,YES,3.0,10.0,0.0,0.0,Cubic,10.0,0.0
,PV (Photovoltaic),0.0,SUN (Solar),7033,PORT LAVACA 4,1,Closed,0.0,7.5,0.0,1.04,NO,YES,3.0,10.0,0.0,0.0,Cubic,10.0,0.0
,PV (Photovoltaic),0.0,SUN (Solar),7034,PORT LAVACA 5,1,Open,0.0,0.0,0.0,1.04,NO,YES,1.32,4.4,0.0,0.0,Cubic,4.4,0.0
GENROU,GT (Gas Turbine),17.96,NG (Natural Gas),7045,VICTORIA 2 3,1,Closed,17.78,187.92,37.1,1.03,YES,YES,56.53,188.45,-20.92,95.92,Cubic,188.45,7.779922778193301
GENROU,GT (Gas Turbine),17.96,NG (Natural Gas),7046,VICTORIA 2 4,1,Closed,17.78,187.92,78.22,1.03,YES,YES,56.53,188.45,-20.92,95.92,Cubic,188.45,7.779922778193301
GENROU,GT (Gas Turbine),17.26,NG (Natural Gas),7061,POINT COMFORT 2 3,1,Closed,17.29,67.09,-12.75,1.0,YES,YES,34.47,114.9,-12.75,58.48,Cubic,114.9,7.5412748406928
GENROU,GT (Gas Turbine),17.26,NG (Natural Gas),7062,POINT COMFORT 2 4,1,Closed,17.29,67.09,-12.75,1.0,YES,YES,34.47,114.9,-12.75,58.48,Cubic,114.9,7.5412748406928
GENROU,GT (Gas Turbine),17.26,NG (Natural Gas),7063,POINT COMFORT 2 5,1,Closed,17.29,67.09,-12.75,1.0,YES,YES,34.47,114.9,-12.75,58.48,Cubic,114.9,7.5412748406928
GENROU,GT (Gas Turbine),17.31,NG (Natural Gas),7064,POINT COMFORT 2 6,1,Closed,17.29,83.17,-12.75,1.0,YES,YES,34.47,114.9,-12.75,58.48,Cubic,114.9,7.5412748406928
GENROU,GT (Gas Turbine),17.31,NG (Natural Gas),7065,POINT COMFORT 2 7,1,Closed,17.29,83.17,-12.75,1.0,YES,YES,34.47,114.9,-12.75,58.48,Cubic,114.9,7.5412748406928
GENROU,GT (Gas Turbine),17.27,NG (Natural Gas),7066,POINT COMFORT 2 8,1,Closed,17.29,68.1,-12.75,1.0,YES,YES,34.47,114.9,-12.75,58.48,Cubic,114.9,7.5412748406928
GENROU,GT (Gas Turbine),16.38,NG (Natural Gas),7079,BAYTOWN 2 3,1,Closed,16.35,159.89,37.81,1.04,YES,YES,68.59,228.65,-25.38,116.38,Cubic,228.65,7.910324984433201
GENROU,GT (Gas Turbine),16.4,NG (Natural Gas),7080,BAYTOWN 2 4,1,Closed,16.35,165.51,29.6,1.04,YES,YES,68.59,228.65,-25.38,116.38,Cubic,228.65,7.910324984433201
GENROU,GT (Gas Turbine),16.4,NG (Natural Gas),7081,BAYTOWN 2 5,1,Closed,16.35,165.51,29.93,1.04,YES,YES,68.59,228.65,-25.38,116.38,Cubic,228.65,7.910324984433201
GENROU,GT (Gas Turbine),16.4,NG (Natural Gas),7082,BAYTOWN 2 6,1,Closed,16.35,165.51,36.62,1.04,YES,YES,68.59,228.65,-25.38,116.38,Cubic,228.65,7.910324984433201
GENROU,NB (ST - Boiling Water Nuclear Reactor),7.46,NUC (Nuclear),7098,WADSWORTH 3,1,Closed,7.34,1240.67,199.11,1.0,YES,YES,406.29,1354.3,-111.05,498.38,Cubic,1354.3,7.46
GENROU,NB (ST - Boiling Water Nuclear Reactor),7.93,NUC (Nuclear),7099,WADSWORTH 4,1,Closed,7.76,1350.52,6.01,1.0,YES,YES,406.29,1354.3,-111.05,498.38,Cubic,1354.3,7.9
GENROU,GT (Gas Turbine),16.01,NG (Natural Gas),7107,DEER PARK 3,1,Closed,15.88,149.58,76.35,1.04,YES,YES,45.0,150.0,-16.65,76.35,Cubic,150.0,7.6565433725602015
GENROU,GT (Gas Turbine),15.32,NG (Natural Gas),7108,DEER PARK 4,1,Closed,15.28,50.86,20.02,1.04,YES,YES,15.3,51.0,-5.66,25.96,Cubic,51.0,7.3309367746863
GENROU,GT (Gas Turbine),15.32,NG (Natural Gas),7109,DEER PARK 5,1,Closed,15.28,50.86,24.3,1.04,YES,YES,15.3,51.0,-5.66,25.96,Cubic,51.0,7.3309367746863
GENROU,GT (Gas Turbine),16.33,NG (Natural Gas),7110,DEER PARK 6,1,Closed,16.16,195.45,49.93,1.04,YES,YES,58.8,196.0,-21.76,99.76,Cubic,196.0,7.8049816741402
GENROU,GT (Gas Turbine),16.33,NG (Natural Gas),7111,DEER PARK 7,1,Closed,16.16,195.45,48.69,1.04,YES,YES,58.8,196.0,-21.76,99.76,Cubic,196.0,7.8049816741402
GENROU,GT (Gas Turbine),16.33,NG (Natural Gas),7112,DEER PARK 8,1,Closed,16.16,195.45,77.51,1.04,YES,YES,58.8,196.0,-21.76,99.76,Cubic,196.0,7.8049816741402
GENROU,GT (Gas Turbine),16.33,NG (Natural Gas),7113,DEER PARK 9,1,Closed,16.16,195.45,41.78,1.04,YES,YES,58.8,196.0,-21.76,99.76,Cubic,196.0,7.8049816741402
GENROU,GT (Gas Turbine),16.33,NG (Natural Gas),7114,DEER PARK 10,1,Closed,16.16,195.45,82.31,1.04,YES,YES,58.8,196.0,-21.76,99.76,Cubic,196.0,7.8049816741402
GENROU,GT (Gas Turbine),16.33,NG (Natural Gas),7115,DEER PARK 11,1,Closed,16.16,195.45,82.67,1.04,YES,YES,58.8,196.0,-21.76,99.76,Cubic,196.0,7.8049816741402
GENROU,GT (Gas Turbine),0.0,NG (Natural Gas),7121,HOUSTON 3 1,1,Open,14.99,0.0,0.0,1.04,YES,YES,1.11,3.7,-0.41,1.88,Cubic,3.7,7.1777101403927
GENROU,GT (Gas Turbine),0.0,NG (Natural Gas),7122,HOUSTON 3 2,1,Open,14.99,0.0,0.0,1.04,YES,YES,1.29,4.3,-0.48,2.19,Cubic,4.3,7.182498473106301
GENROU,GT (Gas Turbine),15.08,NG (Natural Gas),7133,LAPORTE 3,1,Closed,15.06,16.25,-1.81,1.0,YES,YES,4.89,16.3,-1.81,8.3,Cubic,16.3,7.2208051316797
GENROU,GT (Gas Turbine),16.41,NG (Natural Gas),7134,LAPORTE 4,1,Closed,16.22,205.97,-22.93,1.0,YES,YES,61.97,206.55,-22.93,105.13,Cubic,206.55,7.838500000000001
GENROU,GT (Gas Turbine),16.41,NG (Natural Gas),7135,LAPORTE 5,1,Closed,16.22,205.97,-22.93,1.0,YES,YES,61.97,206.55,-22.93,105.13,Cubic,206.55,7.838500000000001
GENROU,GT (Gas Turbine),16.41,NG (Natural Gas),7136,LAPORTE 6,1,Closed,16.22,205.97,-22.93,1.0,YES,YES,61.97,206.55,-22.93,105.13,Cubic,206.55,7.838500000000001
GENROU,GT (Gas Turbine),16.41,NG (Natural Gas),7137,LAPORTE 7,1,Closed,16.22,205.97,-22.93,1.0,YES,YES,61.97,206.55,-22.93,105.13,Cubic,206.55,7.838500000000001
GENROU,GT (Gas Turbine),17.62,NG (Natural Gas),7138,LAPORTE 8,1,Closed,17.28,379.64,-42.26,1.0,YES,YES,114.21,380.7,-42.26,193.78,Cubic,380.7,8.4035232131738
GENROU,GT (Gas Turbine),15.38,NG (Natural Gas),7139,LAPORTE 9,1,Closed,15.32,58.84,-6.55,1.0,YES,YES,17.7,59.0,-6.55,30.03,Cubic,59.0,7.3596667678325
GENROU,GT (Gas Turbine),15.38,NG (Natural Gas),7140,LAPORTE 10,1,Closed,15.32,58.84,-6.55,1.0,YES,YES,17.7,59.0,-6.55,30.03,Cubic,59.0,7.3596667678325
GENROU,GT (Gas Turbine),15.38,NG (Natural Gas),7141,LAPORTE 11,1,Closed,15.32,58.84,-6.55,1.0,YES,YES,17.7,59.0,-6.55,30.03,Cubic,59.0,7.3596667678325
GENROU,GT (Gas Turbine),15.38,NG (Natural Gas),7142,LAPORTE 12,1,Closed,15.32,58.84,-6.55,1.0,YES,YES,17.7,59.0,-6.55,30.03,Cubic,59.0,7.3596667678325
GENROU,GT (Gas Turbine),15.04,NG (Natural Gas),7146,HOUSTON 2 1,1,Closed,15.03,10.17,-1.13,1.01,YES,YES,3.06,10.2,-1.13,5.19,Cubic,10.2,7.201651802393001
GENROU,GT (Gas Turbine),15.74,NG (Natural Gas),7162,HOUSTON 5 3,1,Closed,15.64,110.29,56.3,1.04,YES,YES,33.18,110.6,-12.28,56.3,Cubic,110.6,7.527258400266899
GENROU,GT (Gas Turbine),15.74,NG (Natural Gas),7163,HOUSTON 5 4,1,Closed,15.64,110.29,56.3,1.04,YES,YES,33.18,110.6,-12.28,56.3,Cubic,110.6,7.527258400266899
GENROU,GT (Gas Turbine),15.74,NG (Natural Gas),7164,HOUSTON 5 5,1,Closed,15.64,110.29,56.3,1.04,YES,YES,33.18,110.6,-12.28,56.3,Cubic,110.6,7.527258400266899
GENROU,GT (Gas Turbine),15.74,NG (Natural Gas),7165,HOUSTON 5 6,1,Closed,15.64,110.29,56.3,1.04,YES,YES,33.18,110.6,-12.28,56.3,Cubic,110.6,7.527258400266899
GENROU,GT (Gas Turbine),15.74,NG (Natural Gas),7166,HOUSTON 5 7,1,Closed,15.64,110.29,54.93,1.04,YES,YES,33.18,110.6,-12.28,56.3,Cubic,110.6,7.527258400266899
GENROU,GT (Gas Turbine),15.74,NG (Natural Gas),7167,HOUSTON 5 8,1,Closed,15.64,110.29,45.65,1.04,YES,YES,33.2,110.6,-12.28,56.3,Cubic,110.6,7.527258400266899
GENROU,GT (Gas Turbine),15.58,NG (Natural Gas),7168,HOUSTON 5 9,1,Closed,15.5,87.48,44.65,1.04,YES,YES,26.32,87.72,-9.74,44.65,Cubic,87.72,7.450645083120101
GENROU,GT (Gas Turbine),15.58,NG (Natural Gas),7169,HOUSTON 5 10,1,Closed,15.5,87.48,44.65,1.04,YES,YES,26.3,87.72,-9.74,44.65,Cubic,87.72,7.450645083120101
GENROU,GT (Gas Turbine),17.37,NG (Natural Gas),7170,HOUSTON 5 11,1,Closed,17.1,333.76,130.81,1.04,YES,YES,105.26,350.87,-38.95,178.59,Cubic,350.87,8.3077565667403
GENROU,GT (Gas Turbine),15.01,NG (Natural Gas),7189,HOUSTON 4 3,1,Closed,15.01,6.88,3.51,1.03,YES,YES,2.07,6.9,-0.77,3.51,Cubic,6.9,7.1872868058199
GENROU,GT (Gas Turbine),15.3,NG (Natural Gas),7190,HOUSTON 4 4,1,Closed,15.26,47.87,13.81,1.03,YES,YES,14.4,48.0,-5.33,24.43,Cubic,48.0,7.321360109259101
GENROU,GT (Gas Turbine),0.0,NG (Natural Gas),7191,HOUSTON 4 5,1,Open,15.0,0.0,0.0,1.03,YES,YES,1.5,5.0,-0.55,2.55,Cubic,5.0,7.182498473106301
GENROU,GT (Gas Turbine),15.21,NG (Natural Gas),7192,HOUSTON 4 6,1,Closed,15.18,34.9,17.81,1.03,YES,YES,10.5,35.0,-3.88,17.81,Cubic,35.0,7.2782651195398
GENROU,GT (Gas Turbine),15.02,NG (Natural Gas),7193,HOUSTON 4 7,1,Closed,15.01,7.48,3.82,1.03,YES,YES,2.25,7.5,-0.83,3.82,Cubic,7.5,7.1920751369658
GENROU,GT (Gas Turbine),16.58,NG (Natural Gas),7194,HOUSTON 4 8,1,Closed,16.37,230.31,49.08,1.03,YES,YES,69.28,230.95,-25.64,117.55,Cubic,230.95,7.915113317146801
GENROU,GT (Gas Turbine),16.58,NG (Natural Gas),7195,HOUSTON 4 9,1,Closed,16.37,230.31,42.27,1.03,YES,YES,69.28,230.95,-25.64,117.55,Cubic,230.95,7.915113317146801
GENROU,GT (Gas Turbine),16.58,NG (Natural Gas),7196,HOUSTON 4 10,1,Closed,16.37,230.31,76.74,1.03,YES,YES,69.28,230.95,-25.64,117.55,Cubic,230.95,7.915113317146801
GENROU,GT (Gas Turbine),16.58,NG (Natural Gas),7197,HOUSTON 4 11,1,Closed,16.37,230.31,117.55,1.03,YES,YES,69.28,230.95,-25.64,117.55,Cubic,230.95,7.915113317146801
GENROU,GT (Gas Turbine),0.0,NG (Natural Gas),7207,BAYTOWN 1 3,1,Open,14.99,0.0,0.0,1.04,YES,YES,1.2,4.0,-0.44,2.04,Cubic,4.0,7.1777101403927
GENROU,GT (Gas Turbine),20.3,NG (Natural Gas),7208,BAYTOWN 1 4,1,Closed,19.61,762.86,84.91,1.04,YES,YES,229.5,765.0,-84.92,389.39,Cubic,765.0,9.653277947955202
GENROU,GT (Gas Turbine),20.3,NG (Natural Gas),7209,BAYTOWN 1 5,1,Closed,19.61,762.86,111.04,1.04,YES,YES,229.5,765.0,-84.92,389.39,Cubic,765.0,9.653277947955202
GENROU,GT (Gas Turbine),16.21,NG (Natural Gas),7210,BAYTOWN 1 6,1,Closed,16.05,178.0,29.21,1.04,YES,YES,53.55,178.5,-19.81,90.86,Cubic,178.5,7.747521686280101
GENROU,GT (Gas Turbine),16.21,NG (Natural Gas),7211,BAYTOWN 1 7,1,Closed,16.05,178.0,40.97,1.04,YES,YES,53.55,178.5,-19.81,90.86,Cubic,178.5,7.747521686280101
GENROU,GT (Gas Turbine),16.21,NG (Natural Gas),7212,BAYTOWN 1 8,1,Closed,16.05,178.0,26.57,1.04,YES,YES,53.55,178.5,-19.81,90.86,Cubic,178.5,7.747521686280101
GENROU,GT (Gas Turbine),17.09,NG (Natural Gas),7266,PASADENA 3 3,1,Closed,16.81,303.75,-33.81,1.01,YES,YES,91.38,304.6,-33.81,155.04,Cubic,304.6,8.159318265160302
GENROU,GT (Gas Turbine),15.6,NG (Natural Gas),7267,PASADENA 3 4,1,Closed,15.52,90.39,-10.06,1.01,YES,YES,27.19,90.64,-10.06,46.14,Cubic,90.64,7.460221746979601
GENROU,GT (Gas Turbine),15.6,NG (Natural Gas),7268,PASADENA 3 5,1,Closed,15.52,90.39,-10.06,1.01,YES,YES,27.19,90.64,-10.06,46.14,Cubic,90.64,7.460221746979601
GENROU,GT (Gas Turbine),15.6,NG (Natural Gas),7269,PASADENA 3 6,1,Closed,15.52,90.39,-10.06,1.01,YES,YES,27.19,90.64,-10.06,46.14,Cubic,90.64,7.460221746979601
GENROU,GT (Gas Turbine),16.23,NG (Natural Gas),7270,PASADENA 3 7,1,Closed,16.07,180.77,-20.12,1.01,YES,YES,54.38,181.28,-20.12,92.27,Cubic,181.28,7.7570983501396
GENROU,GT (Gas Turbine),0.0,NG (Natural Gas),7280,MONT BELVIEU 2,1,Open,15.12,0.0,0.0,1.04,YES,YES,7.71,25.7,-2.85,13.08,Cubic,25.7,7.249535124825901
GENROU,GT (Gas Turbine),0.0,NG (Natural Gas),7281,MONT BELVIEU 3,1,Open,15.06,0.0,0.0,1.04,YES,YES,4.5,15.0,-1.67,7.64,Cubic,15.0,7.2160167989661
,PV (Photovoltaic),0.0,SUN (Solar),7284,BAYTOWN 3 2,1,Open,0.0,0.0,0.0,1.04,NO,YES,2.25,7.5,0.0,0.0,Cubic,7.5,0.0
,PV (Photovoltaic),0.0,SUN (Solar),7285,BAYTOWN 3 3,1,Closed,0.0,21.22,0.0,1.04,NO,YES,8.49,28.3,0.0,0.0,Cubic,28.3,0.0
,PV (Photovoltaic),0.0,SUN (Solar),7286,BAYTOWN 3 4,1,Closed,0.0,21.22,0.0,1.04,NO,YES,8.49,28.3,0.0,0.0,Cubic,28.3,0.0
,PV (Photovoltaic),0.0,SUN (Solar),7287,BAYTOWN 3 5,1,Closed,0.0,21.22,0.0,1.04,NO,YES,8.49,28.3,0.0,0.0,Cubic,28.3,0.0
,PV (Photovoltaic),0.0,SUN (Solar),7288,BAYTOWN 3 6,1,Closed,0.0,21.22,0.0,1.04,NO,YES,8.49,28.3,0.0,0.0,Cubic,28.3,0.0
,PV (Photovoltaic),0.0,SUN (Solar),7289,BAYTOWN 3 7,1,Closed,0.0,42.45,0.0,1.04,NO,YES,16.98,56.6,0.0,0.0,Cubic,56.6,0.0
GENROU,GT (Gas Turbine),17.26,NG (Natural Gas),7307,WHARTON 1 3,1,Closed,17.16,96.41,49.21,1.04,YES,YES,29.0,96.68,-10.73,49.21,Cubic,96.68,7.480528092965401
GENROU,GT (Gas Turbine),17.26,NG (Natural Gas),7308,WHARTON 1 4,1,Closed,17.16,96.41,49.21,1.04,YES,YES,29.0,96.68,-10.73,49.21,Cubic,96.68,7.480528092965401
GENROU,GT (Gas Turbine),0.0,NG (Natural Gas),7309,WHARTON 1 5,1,Open,17.16,0.0,0.0,1.04,YES,YES,29.0,96.68,-10.73,49.21,Cubic,96.68,7.480528092965401
GENROU,GT (Gas Turbine),17.26,NG (Natural Gas),7310,WHARTON 1 6,1,Closed,17.16,96.41,49.21,1.04,YES,YES,29.0,96.68,-10.73,49.21,Cubic,96.68,7.480528092965401
GENROU,GT (Gas Turbine),18.0,NG (Natural Gas),7311,WHARTON 1 7,1,Closed,17.81,192.83,98.42,1.04,YES,YES,58.01,193.37,-21.46,98.42,Cubic,193.37,7.7972789918297
GENROU,GT (Gas Turbine),15.61,NG (Natural Gas),7323,FREEPORT 1 3,1,Closed,15.72,37.82,-13.82,1.02,YES,YES,37.34,124.48,-13.82,63.36,Cubic,124.47,7.570353389986201
GENROU,GT (Gas Turbine),15.61,NG (Natural Gas),7324,FREEPORT 1 4,1,Closed,15.72,37.82,-13.82,1.02,YES,YES,37.34,124.48,-13.82,63.36,Cubic,124.47,7.570353389986201
GENROU,GT (Gas Turbine),15.61,NG (Natural Gas),7325,FREEPORT 1 5,1,Closed,15.72,37.82,-13.82,1.02,YES,YES,37.34,124.48,-13.82,63.36,Cubic,124.47,7.570353389986201
GENROU,GT (Gas Turbine),15.61,NG (Natural Gas),7326,FREEPORT 1 6,1,Closed,15.72,37.82,-13.82,1.02,YES,YES,37.34,124.48,-13.82,63.36,Cubic,124.47,7.570353389986201
GENROU,GT (Gas Turbine),17.1,NG (Natural Gas),7329,NEWGULF 2,1,Closed,17.2,30.97,42.25,1.04,YES,YES,30.57,101.9,-11.31,51.87,Cubic,101.9,7.4978843066018
GENROU,ST (Steam Turbine),0.0,BIT (Bituminous Coal),7334,PASADENA 1 3,1,Open,18.68,0.0,0.0,1.04,YES,YES,1.41,4.7,-0.57,2.19,Cubic,4.7,9.846556461984001
GENROU,ST (Steam Turbine),19.21,BIT (Bituminous Coal),7335,PASADENA 1 4,1,Closed,19.83,137.81,153.88,1.04,YES,YES,136.05,453.5,-55.33,211.33,Cubic,453.5,10.710566767290002
GENROU,GT (Gas Turbine),17.15,NG (Natural Gas),7349,THOMPSONS 3,1,Closed,16.87,312.95,139.37,1.04,YES,YES,94.15,313.83,-34.83,159.74,Cubic,313.83,8.1880482583065
GENROU,GT (Gas Turbine),17.15,NG (Natural Gas),7350,THOMPSONS 4,1,Closed,16.87,312.95,60.08,1.04,YES,YES,94.15,313.83,-34.83,159.74,Cubic,313.83,8.1880482583065
GENROU,GT (Gas Turbine),17.15,NG (Natural Gas),7351,THOMPSONS 5,1,Closed,16.87,312.95,47.25,1.04,YES,YES,94.15,313.83,-34.83,159.74,Cubic,313.83,8.1880482583065
GENROU,GT (Gas Turbine),17.15,NG (Natural Gas),7352,THOMPSONS 6,1,Closed,16.87,312.95,49.14,1.04,YES,YES,94.15,313.83,-34.83,159.74,Cubic,313.83,8.1880482583065
GENROU,GT (Gas Turbine),19.51,NG (Natural Gas),7353,THOMPSONS 7,1,Closed,19.12,594.84,76.49,1.04,YES,YES,205.26,684.2,-75.95,348.26,Cubic,684.2,9.389919670655
GENROU,GT (Gas Turbine),19.5,NG (Natural Gas),7354,THOMPSONS 8,1,Closed,19.12,591.07,124.13,1.04,YES,YES,205.26,684.2,-75.95,348.26,Cubic,684.2,9.389919670655
GENROU,GT (Gas Turbine),19.5,NG (Natural Gas),7355,THOMPSONS 9,1,Closed,19.12,591.07,123.23,1.04,YES,YES,205.26,684.2,-75.95,348.26,Cubic,684.2,9.389919670655
GENROU,GT (Gas Turbine),19.5,NG (Natural Gas),7356,THOMPSONS 10,1,Closed,19.12,591.02,128.79,1.04,YES,YES,205.0,684.2,-75.95,348.26,Cubic,684.2,9.389919670655
GENROU,GT (Gas Turbine),15.08,NG (Natural Gas),7357,THOMPSONS 11,1,Closed,15.06,16.25,8.3,1.04,YES,YES,4.89,16.3,-1.81,8.3,Cubic,16.3,7.2208051316797
GENROU,GT (Gas Turbine),16.54,NG (Natural Gas),7358,THOMPSONS 12,1,Closed,16.33,224.57,39.17,1.04,YES,YES,67.56,225.2,-25.0,114.63,Cubic,225.2,7.9007483205737
GENROU,GT (Gas Turbine),16.54,NG (Natural Gas),7359,THOMPSONS 13,1,Closed,16.33,224.57,86.67,1.04,YES,YES,67.56,225.2,-25.0,114.63,Cubic,225.2,7.9007483205737
GENROU,GT (Gas Turbine),16.54,NG (Natural Gas),7360,THOMPSONS 14,1,Closed,16.33,224.57,52.95,1.04,YES,YES,67.56,225.2,-25.0,114.63,Cubic,225.2,7.9007483205737
GENROU,GT (Gas Turbine),15.68,NG (Natural Gas),7361,THOMPSONS 15,1,Closed,15.59,102.41,32.4,1.04,YES,YES,30.81,102.7,-11.4,52.27,Cubic,102.7,7.498528405553
GENROU,GT (Gas Turbine),15.71,NG (Natural Gas),7369,CHANNELVIEW 1 3,1,Closed,15.62,106.97,32.85,1.04,YES,YES,32.18,107.27,-11.91,54.6,Cubic,107.27,7.5128934021261005
GENROU,GT (Gas Turbine),15.71,NG (Natural Gas),7370,CHANNELVIEW 1 4,1,Closed,15.62,106.97,26.39,1.04,YES,YES,32.18,107.27,-11.91,54.6,Cubic,107.27,7.5128934021261005
GENROU,GT (Gas Turbine),15.71,NG (Natural Gas),7371,CHANNELVIEW 1 5,1,Closed,15.62,106.97,31.59,1.04,YES,YES,32.18,107.27,-11.91,54.6,Cubic,107.27,7.5128934021261005
GENROU,GT (Gas Turbine),15.71,NG (Natural Gas),7372,CHANNELVIEW 1 6,1,Closed,15.62,106.97,33.74,1.04,YES,YES,32.18,107.27,-11.91,54.6,Cubic,107.27,7.5128934021261005
GENROU,GT (Gas Turbine),15.71,NG (Natural Gas),7373,CHANNELVIEW 1 7,1,Closed,15.62,106.97,54.6,1.04,YES,YES,32.18,107.27,-11.91,54.6,Cubic,107.27,7.5128934021261005
GENROU,GT (Gas Turbine),15.71,NG (Natural Gas),7374,CHANNELVIEW 1 8,1,Closed,15.62,106.97,41.49,1.04,YES,YES,32.18,107.27,-11.91,54.6,Cubic,107.27,7.5128934021261005
GENROU,GT (Gas Turbine),16.25,NG (Natural Gas),7375,CHANNELVIEW 1 9,1,Closed,16.08,183.15,40.55,1.04,YES,YES,55.1,183.66,-20.39,93.48,Cubic,183.66,7.7618866828532
GENROU,GT (Gas Turbine),16.25,NG (Natural Gas),7376,CHANNELVIEW 1 10,1,Closed,16.08,183.15,44.01,1.04,YES,YES,55.1,183.66,-20.39,93.48,Cubic,183.66,7.7618866828532
GENROU,GT (Gas Turbine),16.25,NG (Natural Gas),7377,CHANNELVIEW 1 11,1,Closed,16.08,183.15,56.14,1.04,YES,YES,55.1,183.66,-20.39,93.48,Cubic,183.66,7.7618866828532
GENROU,GT (Gas Turbine),16.25,NG (Natural Gas),7378,CHANNELVIEW 1 12,1,Closed,16.08,183.15,45.67,1.04,YES,YES,55.1,183.66,-20.39,93.48,Cubic,183.66,7.7618866828532
GENROU,GT (Gas Turbine),16.25,NG (Natural Gas),7379,CHANNELVIEW 1 13,1,Closed,16.08,183.15,49.27,1.04,YES,YES,55.1,183.66,-20.39,93.48,Cubic,183.66,7.7618866828532
GENROU,GT (Gas Turbine),18.75,NG (Natural Gas),7389,WILLIS 1 0,1,Closed,18.26,541.28,276.29,1.04,YES,YES,162.84,542.8,-60.25,276.29,Cubic,542.8,8.9302397677742
GENROU,GT (Gas Turbine),15.47,NG (Natural Gas),7400,HOUSTON 6 0,1,Closed,15.4,71.8,-7.99,1.0,YES,YES,21.6,72.0,-7.99,36.65,Cubic,72.0,7.402761759119501
GENROU,GT (Gas Turbine),15.47,NG (Natural Gas),7400,HOUSTON 6 0,2,Closed,15.4,71.8,-7.99,1.0,YES,YES,21.6,72.0,-7.99,36.65,Cubic,72.0,7.402761759119501
GENROU,GT (Gas Turbine),15.47,NG (Natural Gas),7400,HOUSTON 6 0,3,Closed,15.4,71.8,-7.99,1.0,YES,YES,21.6,72.0,-7.99,36.65,Cubic,72.0,7.402761759119501
GENROU,GT (Gas Turbine),15.47,NG (Natural Gas),7400,HOUSTON 6 0,4,Closed,15.4,71.8,-7.99,1.0,YES,YES,21.6,72.0,-7.99,36.65,Cubic,72.0,7.402761759119501
GENROU,GT (Gas Turbine),15.97,NG (Natural Gas),7400,HOUSTON 6 0,5,Closed,15.84,143.6,-15.98,1.0,YES,YES,43.2,144.0,-15.98,73.3,Cubic,144.0,7.6326017105599
GENROU,GT (Gas Turbine),18.08,NG (Natural Gas),7400,HOUSTON 6 0,6,Closed,17.68,445.15,-49.55,1.0,YES,YES,133.92,446.4,-49.55,227.22,Cubic,446.4,8.6189981680411
GENROU,GT (Gas Turbine),17.0,NG (Natural Gas),7406,POINT COMFORT 1 0,1,Closed,16.94,62.92,32.12,1.04,YES,YES,18.93,63.1,-7.0,32.12,Cubic,63.1,7.372051757737901
GENROU,GT (Gas Turbine),18.9,NG (Natural Gas),7406,POINT COMFORT 1 0,2,Closed,18.59,309.13,157.79,1.04,YES,YES,93.0,310.0,-34.41,157.79,Cubic,310.0,8.1747766399891
GENROU,GT (Gas Turbine),17.3,NG (Natural Gas),7414,VICTORIA 1 0,1,Closed,17.2,102.11,52.12,1.03,YES,YES,30.72,102.4,-11.37,52.12,Cubic,102.4,7.4978843066018
GENROU,GT (Gas Turbine),15.58,NG (Natural Gas),7419,LA PORTE 0,1,Closed,15.5,87.95,12.12,1.0,YES,YES,26.46,88.2,-9.79,44.89,Cubic,88.2,7.455433414266
GENROU,GT (Gas Turbine),15.58,NG (Natural Gas),7419,LA PORTE 0,2,Closed,15.5,87.95,12.12,1.0,YES,YES,26.46,88.2,-9.79,44.89,Cubic,88.2,7.455433414266
GENROU,GT (Gas Turbine),15.0,NG (Natural Gas),7422,ALVIN 0,1,Closed,15.01,2.07,3.46,1.04,YES,YES,2.04,6.8,-0.75,3.46,Cubic,6.8,7.1872868058199
GENROU,GT (Gas Turbine),15.86,NG (Natural Gas),7422,ALVIN 0,10,Closed,16.01,52.33,50.12,1.04,YES,YES,51.66,172.2,-19.11,87.65,Cubic,172.2,7.7283683569934
GENROU,GT (Gas Turbine),15.86,NG (Natural Gas),7422,ALVIN 0,11,Closed,16.01,52.33,50.12,1.04,YES,YES,51.66,172.2,-19.11,87.65,Cubic,172.2,7.7283683569934
GENROU,GT (Gas Turbine),15.55,NG (Natural Gas),7422,ALVIN 0,2,Closed,15.65,34.19,50.12,1.04,YES,YES,33.75,112.5,-12.49,57.26,Cubic,112.5,7.532046731412801
GENROU,GT (Gas Turbine),15.55,NG (Natural Gas),7422,ALVIN 0,3,Closed,15.65,34.19,50.12,1.04,YES,YES,33.75,112.5,-12.49,57.26,Cubic,112.5,7.532046731412801
GENROU,GT (Gas Turbine),15.55,NG (Natural Gas),7422,ALVIN 0,4,Closed,15.65,34.19,50.12,1.04,YES,YES,33.75,112.5,-12.49,57.26,Cubic,112.5,7.532046731412801
GENROU,GT (Gas Turbine),15.55,NG (Natural Gas),7422,ALVIN 0,5,Closed,15.65,34.19,50.12,1.04,YES,YES,33.75,112.5,-12.49,57.26,Cubic,112.5,7.532046731412801
GENROU,GT (Gas Turbine),15.95,NG (Natural Gas),7422,ALVIN 0,6,Closed,16.13,58.07,50.12,1.04,YES,YES,57.33,191.1,-21.21,97.27,Cubic,191.1,7.785828344853501
GENROU,GT (Gas Turbine),15.86,NG (Natural Gas),7422,ALVIN 0,7,Closed,16.01,52.33,50.12,1.04,YES,YES,51.66,172.2,-19.11,87.65,Cubic,172.2,7.7283683569934
GENROU,GT (Gas Turbine),15.86,NG (Natural Gas),7422,ALVIN 0,8,Closed,16.01,52.33,50.12,1.04,YES,YES,51.66,172.2,-19.11,87.65,Cubic,172.2,7.7283683569934
GENROU,GT (Gas Turbine),15.86,NG (Natural Gas),7422,ALVIN 0,9,Closed,16.01,52.33,50.12,1.04,YES,YES,51.66,172.2,-19.11,87.65,Cubic,172.2,7.7283683569934
GENROU,GT (Gas Turbine),15.49,NG (Natural Gas),7428,FREEPORT 2 0,1,Closed,15.58,30.55,27.28,1.04,YES,YES,30.16,100.52,-11.16,51.16,Cubic,100.52,7.493740072839401
GENROU,GT (Gas Turbine),15.64,NG (Natural Gas),7428,FREEPORT 2 0,10,Closed,15.75,39.5,27.28,1.04,YES,YES,39.0,130.0,-14.43,66.17,Cubic,130.0,7.5895067192729
GENROU,GT (Gas Turbine),15.64,NG (Natural Gas),7428,FREEPORT 2 0,11,Closed,15.75,39.5,27.28,1.04,YES,YES,39.0,130.0,-14.43,66.17,Cubic,130.0,7.5895067192729
GENROU,GT (Gas Turbine),15.49,NG (Natural Gas),7428,FREEPORT 2 0,2,Closed,15.58,30.55,27.28,1.04,YES,YES,30.16,100.52,-11.16,51.16,Cubic,100.52,7.493740072839401
GENROU,GT (Gas Turbine),15.49,NG (Natural Gas),7428,FREEPORT 2 0,3,Closed,15.58,30.55,27.28,1.04,YES,YES,30.16,100.52,-11.16,51.16,Cubic,100.52,7.493740072839401
GENROU,GT (Gas Turbine),15.49,NG (Natural Gas),7428,FREEPORT 2 0,4,Closed,15.58,30.55,27.28,1.04,YES,YES,30.16,100.52,-11.16,51.16,Cubic,100.52,7.493740072839401
GENROU,GT (Gas Turbine),15.49,NG (Natural Gas),7428,FREEPORT 2 0,5,Closed,15.58,30.55,27.28,1.04,YES,YES,30.16,100.52,-11.16,51.16,Cubic,100.52,7.493740072839401
GENROU,GT (Gas Turbine),15.49,NG (Natural Gas),7428,FREEPORT 2 0,6,Closed,15.58,30.55,27.28,1.04,YES,YES,30.16,100.52,-11.16,51.16,Cubic,100.52,7.493740072839401
GENROU,GT (Gas Turbine),15.35,NG (Natural Gas),7428,FREEPORT 2 0,7,Closed,15.42,22.79,27.28,1.04,YES,YES,22.5,75.0,-8.33,38.17,Cubic,75.0,7.412338424546701
GENROU,GT (Gas Turbine),0.0,NG (Natural Gas),7428,FREEPORT 2 0,8,Open,15.46,0.0,0.0,1.04,YES,YES,24.3,81.0,-8.99,41.23,Cubic,81.0,7.4314917538334
GENROU,GT (Gas Turbine),15.03,NG (Natural Gas),7428,FREEPORT 2 0,9,Closed,15.04,3.56,5.96,1.04,YES,YES,3.51,11.7,-1.3,5.96,Cubic,11.7,7.206440135106601
,PV (Photovoltaic),0.0,SUN (Solar),8024,LUFKIN 1 1,1,Closed,0.0,33.0,0.0,1.04,NO,YES,13.2,44.0,0.0,0.0,Cubic,44.0,0.0
GENROU,GT (Gas Turbine),0.0,NG (Natural Gas),8033,SHIRO 3,1,Open,19.9,0.0,0.0,1.04,YES,YES,70.48,234.93,-26.08,119.58,Cubic,234.93,7.931181635446901
GENROU,GT (Gas Turbine),0.0,NG (Natural Gas),8034,SHIRO 4,1,Open,19.9,0.0,0.0,1.04,YES,YES,70.48,234.93,-26.08,119.58,Cubic,234.93,7.931181635446901
GENROU,GT (Gas Turbine),0.0,NG (Natural Gas),8035,SHIRO 5,1,Open,19.9,0.0,0.0,1.04,YES,YES,70.48,234.93,-26.08,119.58,Cubic,234.93,7.931181635446901
GENROU,GT (Gas Turbine),0.0,NG (Natural Gas),8036,SHIRO 6,1,Open,19.9,0.0,0.0,1.04,YES,YES,70.48,234.93,-26.08,119.58,Cubic,234.93,7.931181635446901
GENROU,GT (Gas Turbine),19.63,NG (Natural Gas),8046,FAIRFIELD 1 3,1,Closed,19.44,172.19,-19.17,1.01,YES,YES,51.8,172.67,-19.17,87.89,Cubic,172.67,7.726098868249901
GENROU,GT (Gas Turbine),0.0,NG (Natural Gas),8047,FAIRFIELD 1 4,1,Open,19.44,0.0,0.0,1.01,YES,YES,51.8,172.67,-19.17,87.89,Cubic,172.67,7.726098868249901
GENROU,GT (Gas Turbine),19.63,NG (Natural Gas),8048,FAIRFIELD 1 5,1,Closed,19.44,172.19,87.89,1.04,YES,YES,51.8,172.67,-19.17,87.89,Cubic,172.67,7.726098868249901
GENROU,GT (Gas Turbine),19.63,NG (Natural Gas),8049,FAIRFIELD 1 6,1,Closed,19.44,172.19,-19.17,1.01,YES,YES,51.8,172.67,-19.17,87.89,Cubic,172.67,7.726098868249901
GENROU,GT (Gas Turbine),0.0,NG (Natural Gas),8050,FAIRFIELD 1 7,1,Open,19.44,0.0,0.0,1.01,YES,YES,51.8,172.67,-19.17,87.89,Cubic,172.67,7.726098868249901
GENROU,GT (Gas Turbine),0.0,NG (Natural Gas),8051,FAIRFIELD 1 8,1,Open,19.44,0.0,0.0,1.01,YES,YES,51.8,172.67,-19.17,87.89,Cubic,172.67,7.726098868249901
GENROU,ST (Steam Turbine),0.0,BIT (Bituminous Coal),8060,FAIRFIELD 2 3,1,Open,20.19,0.0,0.0,1.0,YES,YES,178.02,593.4,-72.39,276.52,Cubic,593.4,10.979252898444
GENROU,ST (Steam Turbine),0.0,BIT (Bituminous Coal),8061,FAIRFIELD 2 4,1,Open,20.19,0.0,0.0,1.0,YES,YES,178.02,593.4,-72.39,276.52,Cubic,593.4,10.979252898444
GENROU,ST (Steam Turbine),0.0,BIT (Bituminous Coal),8070,JEWETT 1 3,1,Open,21.03,0.0,0.0,1.0,YES,YES,277.47,924.9,-112.84,431.0,Cubic,924.9,11.616723915230999
GENROU,ST (Steam Turbine),22.3,BIT (Bituminous Coal),8071,JEWETT 1 4,1,Closed,21.03,922.32,-81.81,1.0,YES,YES,277.47,924.9,-112.84,431.0,Cubic,924.9,11.616723915230999
GENROU,GT (Gas Turbine),16.82,NG (Natural Gas),8077,MT. ENTERPRISE 3,1,Closed,16.6,234.24,11.1,1.03,YES,YES,70.47,234.9,-26.07,119.56,Cubic,234.9,7.9283259946473
GENROU,GT (Gas Turbine),16.82,NG (Natural Gas),8078,MT. ENTERPRISE 4,1,Closed,16.6,234.24,9.48,1.03,YES,YES,70.47,234.9,-26.07,119.56,Cubic,234.9,7.9283259946473
GENROU,GT (Gas Turbine),16.82,NG (Natural Gas),8079,MT. ENTERPRISE 5,1,Closed,16.6,234.24,10.99,1.03,YES,YES,70.47,234.9,-26.07,119.56,Cubic,234.9,7.9283259946473
GENROU,GT (Gas Turbine),16.82,NG (Natural Gas),8080,MT. ENTERPRISE 6,1,Closed,16.6,234.24,10.4,1.03,YES,YES,70.47,234.9,-26.07,119.56,Cubic,234.9,7.9283259946473
GENROU,ST (Steam Turbine),0.0,BIT (Bituminous Coal),8087,FRANKLIN 5,1,Open,20.96,0.0,0.0,1.04,YES,YES,269.31,897.7,-109.52,418.33,Cubic,897.7,11.564040361017
GENROU,ST (Steam Turbine),22.19,BIT (Bituminous Coal),8088,FRANKLIN 6,1,Closed,20.96,895.19,157.09,1.04,YES,YES,269.31,897.7,-109.52,418.33,Cubic,897.7,11.564040361017
,PV (Photovoltaic),0.0,SUN (Solar),8099,CUSHING 1 2,1,Closed,0.0,85.5,0.0,1.04,NO,YES,34.2,114.0,0.0,0.0,Cubic,114.0,0.0
GENROU,ST (Steam Turbine),0.0,BIT (Bituminous Coal),8115,JACKSONVILLE 1 3,1,Open,21.87,0.0,0.0,1.04,YES,YES,3.0,10.0,-1.22,4.66,Cubic,10.0,9.855638766291
GENROU,ST (Steam Turbine),0.0,BIT (Bituminous Coal),8116,JACKSONVILLE 1 4,1,Open,22.89,0.0,0.0,1.04,YES,YES,105.51,351.7,-42.91,163.89,Cubic,351.7,10.513281937926001
GENROU,ST (Steam Turbine),22.88,BIT (Bituminous Coal),8117,JACKSONVILLE 1 5,1,Closed,22.89,227.51,90.76,1.04,YES,YES,105.51,351.7,-42.91,163.89,Cubic,351.7,10.513281937926001
GENROU,ST (Steam Turbine),19.18,BIT (Bituminous Coal),8129,MOUNT PLEASANT 1 3,1,Closed,18.36,658.16,-38.52,1.03,YES,YES,198.0,660.0,-80.52,307.56,Cubic,660.0,11.107824845595
GENROU,ST (Steam Turbine),19.18,BIT (Bituminous Coal),8130,MOUNT PLEASANT 1 4,1,Closed,18.36,658.16,-4.37,1.03,YES,YES,198.0,660.0,-80.52,307.56,Cubic,660.0,11.107824845595
GENROU,ST (Steam Turbine),19.18,BIT (Bituminous Coal),8131,MOUNT PLEASANT 1 5,1,Closed,18.36,658.16,-27.45,1.03,YES,YES,198.0,660.0,-80.52,307.56,Cubic,660.0,11.107824845595
GENROU,ST (Steam Turbine),0.0,BIT (Bituminous Coal),8147,TRINIDAD 1 0,1,Open,21.85,0.0,0.0,1.03,YES,YES,1.2,4.0,-0.49,1.86,Cubic,4.0,9.846629955603001
GENROU,ST (Steam Turbine),0.0,BIT (Bituminous Coal),8147,TRINIDAD 1 0,2,Open,22.55,0.0,0.0,1.03,YES,YES,71.79,239.3,-29.19,111.51,Cubic,239.3,10.297070485095
GENROU,GT (Gas Turbine),0.0,NG (Natural Gas),8152,BRYAN 2 0,1,Open,18.33,0.0,0.0,1.0,YES,YES,6.6,22.0,-2.44,11.2,Cubic,22.0,7.2370553455077005
GENROU,ST (Steam Turbine),0.0,BIT (Bituminous Coal),8155,BREMOND 0,1,Open,19.12,0.0,0.0,1.0,YES,YES,52.38,174.6,-21.3,81.36,Cubic,174.6,10.173194503755001
GENROU,ST (Steam Turbine),19.36,BIT (Bituminous Coal),8155,BREMOND 0,2,Closed,19.12,174.11,-21.3,1.0,YES,YES,52.38,174.6,-21.3,81.36,Cubic,174.6,10.173194503755001
GENROU,GT (Gas Turbine),0.0,NG (Natural Gas),8158,BRYAN 1 0,1,Open,18.94,0.0,0.0,1.0,YES,YES,31.5,105.0,-11.65,53.44,Cubic,105.0,7.509184402643901
GENROU,GT (Gas Turbine),0.0,NG (Natural Gas),8158,BRYAN 1 0,2,Open,18.89,0.0,0.0,1.0,YES,YES,29.46,98.2,-10.9,49.98,Cubic,98.2,7.4855210058259
